timestamp,bin_id,fill_level,day_of_week,hour
2026-01-12 02:26:06.024212,BCN-CT-001,20.07,0,2
2026-01-12 03:26:06.024212,BCN-CT-001,20.03,0,3
2026-01-12 04:26:06.024212,BCN-CT-001,20.28,0,4
2026-01-12 05:26:06.024212,BCN-CT-001,20.35,0,5
2026-01-12 06:26:06.024212,BCN-CT-001,21.51,0,6
2026-01-12 07:26:06.024212,BCN-CT-001,20.73,0,7
2026-01-12 08:26:06.024212,BCN-CT-001,23.18,0,8
2026-01-12 09:26:06.024212,BCN-CT-001,24.18,0,9
2026-01-12 10:26:06.024212,BCN-CT-001,26.39,0,10
2026-01-12 11:26:06.024212,BCN-CT-001,27.6,0,11
2026-01-12 12:26:06.024212,BCN-CT-001,27.93,0,12
2026-01-12 13:26:06.024212,BCN-CT-001,28.89,0,13
2026-01-12 14:26:06.024212,BCN-CT-001,29.89,0,14
2026-01-12 15:26:06.024212,BCN-CT-001,31.63,0,15
2026-01-12 16:26:06.024212,BCN-CT-001,33.32,0,16
2026-01-12 17:26:06.024212,BCN-CT-001,33.9,0,17
2026-01-12 18:26:06.024212,BCN-CT-001,35.22,0,18
2026-01-12 19:26:06.024212,BCN-CT-001,36.37,0,19
2026-01-12 20:26:06.024212,BCN-CT-001,37.16,0,20
2026-01-12 21:26:06.024212,BCN-CT-001,39.19,0,21
2026-01-12 22:26:06.024212,BCN-CT-001,40.69,0,22
2026-01-12 23:26:06.024212,BCN-CT-001,40.73,0,23
2026-01-13 00:26:06.024212,BCN-CT-001,41.77,1,0
2026-01-13 01:26:06.024212,BCN-CT-001,41.61,1,1
2026-01-13 02:26:06.024212,BCN-CT-001,40.64,1,2
2026-01-13 03:26:06.024212,BCN-CT-001,42.15,1,3
2026-01-13 04:26:06.024212,BCN-CT-001,42.32,1,4
2026-01-13 05:26:06.024212,BCN-CT-001,42.53,1,5
2026-01-13 06:26:06.024212,BCN-CT-001,2.62,1,6
2026-01-13 07:26:06.024212,BCN-CT-001,3.63,1,7
2026-01-13 08:26:06.024212,BCN-CT-001,4.41,1,8
2026-01-13 09:26:06.024212,BCN-CT-001,5.38,1,9
2026-01-13 10:26:06.024212,BCN-CT-001,7.6,1,10
2026-01-13 11:26:06.024212,BCN-CT-001,9.58,1,11
2026-01-13 12:26:06.024212,BCN-CT-001,10.53,1,12
2026-01-13 13:26:06.024212,BCN-CT-001,11.34,1,13
2026-01-13 14:26:06.024212,BCN-CT-001,12.06,1,14
2026-01-13 15:26:06.024212,BCN-CT-001,13.14,1,15
2026-01-13 16:26:06.024212,BCN-CT-001,13.39,1,16
2026-01-13 17:26:06.024212,BCN-CT-001,15.56,1,17
2026-01-13 18:26:06.024212,BCN-CT-001,18.66,1,18
2026-01-13 19:26:06.024212,BCN-CT-001,20.12,1,19
2026-01-13 20:26:06.024212,BCN-CT-001,20.9,1,20
2026-01-13 21:26:06.024212,BCN-CT-001,20.81,1,21
2026-01-13 22:26:06.024212,BCN-CT-001,23.83,1,22
2026-01-13 23:26:06.024212,BCN-CT-001,23.26,1,23
2026-01-14 00:26:06.024212,BCN-CT-001,23.6,2,0
2026-01-14 01:26:06.024212,BCN-CT-001,23.43,2,1
2026-01-14 02:26:06.024212,BCN-CT-001,24.12,2,2
2026-01-14 03:26:06.024212,BCN-CT-001,23.65,2,3
2026-01-14 04:26:06.024212,BCN-CT-001,23.4,2,4
2026-01-14 05:26:06.024212,BCN-CT-001,22.74,2,5
2026-01-14 06:26:06.024212,BCN-CT-001,25.22,2,6
2026-01-14 07:26:06.024212,BCN-CT-001,25.05,2,7
2026-01-14 08:26:06.024212,BCN-CT-001,26.57,2,8
2026-01-14 09:26:06.024212,BCN-CT-001,28.81,2,9
2026-01-14 10:26:06.024212,BCN-CT-001,28.95,2,10
2026-01-14 11:26:06.024212,BCN-CT-001,30.37,2,11
2026-01-14 12:26:06.024212,BCN-CT-001,33.05,2,12
2026-01-14 13:26:06.024212,BCN-CT-001,32.45,2,13
2026-01-14 14:26:06.024212,BCN-CT-001,34.47,2,14
2026-01-14 15:26:06.024212,BCN-CT-001,35.66,2,15
2026-01-14 16:26:06.024212,BCN-CT-001,36.14,2,16
2026-01-14 17:26:06.024212,BCN-CT-001,38.6,2,17
2026-01-14 18:26:06.024212,BCN-CT-001,39.51,2,18
2026-01-14 19:26:06.024212,BCN-CT-001,40.93,2,19
2026-01-14 20:26:06.024212,BCN-CT-001,41.66,2,20
2026-01-14 21:26:06.024212,BCN-CT-001,43.89,2,21
2026-01-14 22:26:06.024212,BCN-CT-001,44.43,2,22
2026-01-14 23:26:06.024212,BCN-CT-001,43.3,2,23
2026-01-15 00:26:06.024212,BCN-CT-001,45.05,3,0
2026-01-15 01:26:06.024212,BCN-CT-001,44.92,3,1
2026-01-15 02:26:06.024212,BCN-CT-001,44.6,3,2
2026-01-15 03:26:06.024212,BCN-CT-001,44.72,3,3
2026-01-15 04:26:06.024212,BCN-CT-001,45.05,3,4
2026-01-15 05:26:06.024212,BCN-CT-001,45.01,3,5
2026-01-15 06:26:06.024212,BCN-CT-001,45.42,3,6
2026-01-15 07:26:06.024212,BCN-CT-001,45.24,3,7
2026-01-15 08:26:06.024212,BCN-CT-001,47.64,3,8
2026-01-15 09:26:06.024212,BCN-CT-001,49.33,3,9
2026-01-15 10:26:06.024212,BCN-CT-001,50.72,3,10
2026-01-15 11:26:06.024212,BCN-CT-001,50.5,3,11
2026-01-15 12:26:06.024212,BCN-CT-001,52.01,3,12
2026-01-15 13:26:06.024212,BCN-CT-001,54.35,3,13
2026-01-15 14:26:06.024212,BCN-CT-001,54.27,3,14
2026-01-15 15:26:06.024212,BCN-CT-001,56.17,3,15
2026-01-15 16:26:06.024212,BCN-CT-001,57.13,3,16
2026-01-15 17:26:06.024212,BCN-CT-001,58.87,3,17
2026-01-15 18:26:06.024212,BCN-CT-001,59.88,3,18
2026-01-15 19:26:06.024212,BCN-CT-001,60.93,3,19
2026-01-15 20:26:06.024212,BCN-CT-001,62.69,3,20
2026-01-15 21:26:06.024212,BCN-CT-001,64.7,3,21
2026-01-15 22:26:06.024212,BCN-CT-001,67.5,3,22
2026-01-15 23:26:06.024212,BCN-CT-001,66.48,3,23
2026-01-16 00:26:06.024212,BCN-CT-001,67.04,4,0
2026-01-16 01:26:06.024212,BCN-CT-001,66.65,4,1
2026-01-16 02:26:06.024212,BCN-CT-001,67.77,4,2
2026-01-16 03:26:06.024212,BCN-CT-001,68.69,4,3
2026-01-16 04:26:06.024212,BCN-CT-001,69.06,4,4
2026-01-16 05:26:06.024212,BCN-CT-001,69.45,4,5
2026-01-16 06:26:06.024212,BCN-CT-001,0.47,4,6
2026-01-16 07:26:06.024212,BCN-CT-001,1.08,4,7
2026-01-16 08:26:06.024212,BCN-CT-001,2.76,4,8
2026-01-16 09:26:06.024212,BCN-CT-001,3.65,4,9
2026-01-16 10:26:06.024212,BCN-CT-001,5.67,4,10
2026-01-16 11:26:06.024212,BCN-CT-001,7.58,4,11
2026-01-16 12:26:06.024212,BCN-CT-001,9.55,4,12
2026-01-16 13:26:06.024212,BCN-CT-001,11.94,4,13
2026-01-16 14:26:06.024212,BCN-CT-001,13.07,4,14
2026-01-16 15:26:06.024212,BCN-CT-001,16.26,4,15
2026-01-16 16:26:06.024212,BCN-CT-001,17.73,4,16
2026-01-16 17:26:06.024212,BCN-CT-001,20.01,4,17
2026-01-16 18:26:06.024212,BCN-CT-001,22.04,4,18
2026-01-16 19:26:06.024212,BCN-CT-001,22.98,4,19
2026-01-16 20:26:06.024212,BCN-CT-001,25.41,4,20
2026-01-16 21:26:06.024212,BCN-CT-001,28.5,4,21
2026-01-16 22:26:06.024212,BCN-CT-001,29.56,4,22
2026-01-16 23:26:06.024212,BCN-CT-001,29.83,4,23
2026-01-17 00:26:06.024212,BCN-CT-001,30.3,5,0
2026-01-17 01:26:06.024212,BCN-CT-001,30.03,5,1
2026-01-17 02:26:06.024212,BCN-CT-001,31.13,5,2
2026-01-17 03:26:06.024212,BCN-CT-001,30.02,5,3
2026-01-17 04:26:06.024212,BCN-CT-001,31.46,5,4
2026-01-17 05:26:06.024212,BCN-CT-001,31.4,5,5
2026-01-17 06:26:06.024212,BCN-CT-001,30.69,5,6
2026-01-17 07:26:06.024212,BCN-CT-001,31.65,5,7
2026-01-17 08:26:06.024212,BCN-CT-001,34.08,5,8
2026-01-17 09:26:06.024212,BCN-CT-001,35.83,5,9
2026-01-17 10:26:06.024212,BCN-CT-001,38.86,5,10
2026-01-17 11:26:06.024212,BCN-CT-001,40.07,5,11
2026-01-17 12:26:06.024212,BCN-CT-001,41.36,5,12
2026-01-17 13:26:06.024212,BCN-CT-001,43.03,5,13
2026-01-17 14:26:06.024212,BCN-CT-001,45.37,5,14
2026-01-17 15:26:06.024212,BCN-CT-001,48.31,5,15
2026-01-17 16:26:06.024212,BCN-CT-001,48.47,5,16
2026-01-17 17:26:06.024212,BCN-CT-001,50.62,5,17
2026-01-17 18:26:06.024212,BCN-CT-001,51.36,5,18
2026-01-17 19:26:06.024212,BCN-CT-001,53.97,5,19
2026-01-17 20:26:06.024212,BCN-CT-001,56.29,5,20
2026-01-17 21:26:06.024212,BCN-CT-001,58.17,5,21
2026-01-17 22:26:06.024212,BCN-CT-001,58.98,5,22
2026-01-17 23:26:06.024212,BCN-CT-001,59.41,5,23
2026-01-18 00:26:06.024212,BCN-CT-001,59.59,6,0
2026-01-18 01:26:06.024212,BCN-CT-001,59.07,6,1
2026-01-18 02:26:06.024212,BCN-CT-001,59.91,6,2
2026-01-18 03:26:06.024212,BCN-CT-001,58.9,6,3
2026-01-18 04:26:06.024212,BCN-CT-001,60.04,6,4
2026-01-18 05:26:06.024212,BCN-CT-001,60.62,6,5
2026-01-18 06:26:06.024212,BCN-CT-001,61.51,6,6
2026-01-18 07:26:06.024212,BCN-CT-001,61.03,6,7
2026-01-18 08:26:06.024212,BCN-CT-001,63.48,6,8
2026-01-18 09:26:06.024212,BCN-CT-001,64.05,6,9
2026-01-18 10:26:06.024212,BCN-CT-001,67.34,6,10
2026-01-18 11:26:06.024212,BCN-CT-001,67.68,6,11
2026-01-18 12:26:06.024212,BCN-CT-001,69.64,6,12
2026-01-18 13:26:06.024212,BCN-CT-001,70.98,6,13
2026-01-18 14:26:06.024212,BCN-CT-001,73.79,6,14
2026-01-18 15:26:06.024212,BCN-CT-001,76.02,6,15
2026-01-18 16:26:06.024212,BCN-CT-001,79.21,6,16
2026-01-18 17:26:06.024212,BCN-CT-001,81.19,6,17
2026-01-18 18:26:06.024212,BCN-CT-001,83.65,6,18
2026-01-18 19:26:06.024212,BCN-CT-001,86.42,6,19
2026-01-18 20:26:06.024212,BCN-CT-001,89.09,6,20
2026-01-18 21:26:06.024212,BCN-CT-001,89.53,6,21
2026-01-18 22:26:06.024212,BCN-CT-001,3.72,6,22
2026-01-18 23:26:06.024212,BCN-CT-001,3.83,6,23
2026-01-19 00:26:06.024212,BCN-CT-001,4.05,0,0
2026-01-19 01:26:06.024212,BCN-CT-001,4.08,0,1
2026-01-19 02:26:06.024212,BCN-CT-001,4.18,0,2
2026-01-19 03:26:06.024212,BCN-CT-001,5.39,0,3
2026-01-19 04:26:06.024212,BCN-CT-001,5.24,0,4
2026-01-19 05:26:06.024212,BCN-CT-001,5.17,0,5
2026-01-19 06:26:06.024212,BCN-CT-001,4.35,0,6
2026-01-19 07:26:06.024212,BCN-CT-001,5.6,0,7
2026-01-19 08:26:06.024212,BCN-CT-001,6.37,0,8
2026-01-19 09:26:06.024212,BCN-CT-001,8.89,0,9
2026-01-19 10:26:06.024212,BCN-CT-001,8.8,0,10
2026-01-19 11:26:06.024212,BCN-CT-001,9.7,0,11
2026-01-19 12:26:06.024212,BCN-CT-001,10.74,0,12
2026-01-19 13:26:06.024212,BCN-CT-001,11.39,0,13
2026-01-19 14:26:06.024212,BCN-CT-001,13.57,0,14
2026-01-19 15:26:06.024212,BCN-CT-001,14.58,0,15
2026-01-19 16:26:06.024212,BCN-CT-001,16.66,0,16
2026-01-19 17:26:06.024212,BCN-CT-001,17.25,0,17
2026-01-19 18:26:06.024212,BCN-CT-001,19.91,0,18
2026-01-19 19:26:06.024212,BCN-CT-001,21.03,0,19
2026-01-19 20:26:06.024212,BCN-CT-001,22.0,0,20
2026-01-19 21:26:06.024212,BCN-CT-001,23.33,0,21
2026-01-19 22:26:06.024212,BCN-CT-001,25.19,0,22
2026-01-19 23:26:06.024212,BCN-CT-001,25.34,0,23
2026-01-20 00:26:06.024212,BCN-CT-001,24.67,1,0
2026-01-20 01:26:06.024212,BCN-CT-001,26.67,1,1
2026-01-20 02:26:06.024212,BCN-CT-001,26.07,1,2
2026-01-20 03:26:06.024212,BCN-CT-001,25.27,1,3
2026-01-20 04:26:06.024212,BCN-CT-001,25.99,1,4
2026-01-20 05:26:06.024212,BCN-CT-001,26.35,1,5
2026-01-20 06:26:06.024212,BCN-CT-001,5.31,1,6
2026-01-20 07:26:06.024212,BCN-CT-001,4.29,1,7
2026-01-20 08:26:06.024212,BCN-CT-001,6.21,1,8
2026-01-20 09:26:06.024212,BCN-CT-001,6.78,1,9
2026-01-20 10:26:06.024212,BCN-CT-001,7.53,1,10
2026-01-20 11:26:06.024212,BCN-CT-001,8.93,1,11
2026-01-20 12:26:06.024212,BCN-CT-001,9.56,1,12
2026-01-20 13:26:06.024212,BCN-CT-001,11.17,1,13
2026-01-20 14:26:06.024212,BCN-CT-001,11.93,1,14
2026-01-20 15:26:06.024212,BCN-CT-001,14.33,1,15
2026-01-20 16:26:06.024212,BCN-CT-001,15.76,1,16
2026-01-20 17:26:06.024212,BCN-CT-001,16.19,1,17
2026-01-20 18:26:06.024212,BCN-CT-001,17.75,1,18
2026-01-20 19:26:06.024212,BCN-CT-001,19.49,1,19
2026-01-20 20:26:06.024212,BCN-CT-001,20.61,1,20
2026-01-20 21:26:06.024212,BCN-CT-001,23.19,1,21
2026-01-20 22:26:06.024212,BCN-CT-001,23.58,1,22
2026-01-20 23:26:06.024212,BCN-CT-001,23.21,1,23
2026-01-21 00:26:06.024212,BCN-CT-001,23.25,2,0
2026-01-21 01:26:06.024212,BCN-CT-001,24.1,2,1
2026-01-21 02:26:06.024212,BCN-CT-001,24.86,2,2
2026-01-21 03:26:06.024212,BCN-CT-001,24.83,2,3
2026-01-21 04:26:06.024212,BCN-CT-001,24.96,2,4
2026-01-21 05:26:06.024212,BCN-CT-001,24.54,2,5
2026-01-21 06:26:06.024212,BCN-CT-001,24.68,2,6
2026-01-21 07:26:06.024212,BCN-CT-001,25.48,2,7
2026-01-21 08:26:06.024212,BCN-CT-001,26.0,2,8
2026-01-21 09:26:06.024212,BCN-CT-001,27.48,2,9
2026-01-21 10:26:06.024212,BCN-CT-001,28.2,2,10
2026-01-21 11:26:06.024212,BCN-CT-001,28.79,2,11
2026-01-21 12:26:06.024212,BCN-CT-001,29.5,2,12
2026-01-21 13:26:06.024212,BCN-CT-001,32.08,2,13
2026-01-21 14:26:06.024212,BCN-CT-001,32.62,2,14
2026-01-21 15:26:06.024212,BCN-CT-001,33.89,2,15
2026-01-21 16:26:06.024212,BCN-CT-001,36.54,2,16
2026-01-21 17:26:06.024212,BCN-CT-001,36.81,2,17
2026-01-21 18:26:06.024212,BCN-CT-001,37.7,2,18
2026-01-21 19:26:06.024212,BCN-CT-001,37.77,2,19
2026-01-21 20:26:06.024212,BCN-CT-001,37.98,2,20
2026-01-21 21:26:06.024212,BCN-CT-001,40.77,2,21
2026-01-21 22:26:06.024212,BCN-CT-001,41.65,2,22
2026-01-21 23:26:06.024212,BCN-CT-001,42.18,2,23
2026-01-22 00:26:06.024212,BCN-CT-001,42.47,3,0
2026-01-22 01:26:06.024212,BCN-CT-001,42.8,3,1
2026-01-22 02:26:06.024212,BCN-CT-001,43.1,3,2
2026-01-22 03:26:06.024212,BCN-CT-001,42.88,3,3
2026-01-22 04:26:06.024212,BCN-CT-001,43.15,3,4
2026-01-22 05:26:06.024212,BCN-CT-001,44.78,3,5
2026-01-22 06:26:06.024212,BCN-CT-001,44.08,3,6
2026-01-22 07:26:06.024212,BCN-CT-001,43.63,3,7
2026-01-22 08:26:06.024212,BCN-CT-001,45.49,3,8
2026-01-22 09:26:06.024212,BCN-CT-001,47.62,3,9
2026-01-22 10:26:06.024212,BCN-CT-001,48.86,3,10
2026-01-22 11:26:06.024212,BCN-CT-001,50.34,3,11
2026-01-22 12:26:06.024212,BCN-CT-001,50.65,3,12
2026-01-22 13:26:06.024212,BCN-CT-001,51.14,3,13
2026-01-22 14:26:06.024212,BCN-CT-001,53.79,3,14
2026-01-22 15:26:06.024212,BCN-CT-001,55.13,3,15
2026-01-22 16:26:06.024212,BCN-CT-001,57.41,3,16
2026-01-22 17:26:06.024212,BCN-CT-001,57.85,3,17
2026-01-22 18:26:06.024212,BCN-CT-001,60.12,3,18
2026-01-22 19:26:06.024212,BCN-CT-001,61.63,3,19
2026-01-22 20:26:06.024212,BCN-CT-001,62.96,3,20
2026-01-22 21:26:06.024212,BCN-CT-001,64.87,3,21
2026-01-22 22:26:06.024212,BCN-CT-001,65.27,3,22
2026-01-22 23:26:06.024212,BCN-CT-001,65.63,3,23
2026-01-23 00:26:06.024212,BCN-CT-001,66.28,4,0
2026-01-23 01:26:06.024212,BCN-CT-001,67.16,4,1
2026-01-23 02:26:06.024212,BCN-CT-001,66.34,4,2
2026-01-23 03:26:06.024212,BCN-CT-001,67.3,4,3
2026-01-23 04:26:06.024212,BCN-CT-001,67.72,4,4
2026-01-23 05:26:06.024212,BCN-CT-001,67.69,4,5
2026-01-23 06:26:06.024212,BCN-CT-001,3.97,4,6
2026-01-23 07:26:06.024212,BCN-CT-001,4.57,4,7
2026-01-23 08:26:06.024212,BCN-CT-001,7.12,4,8
2026-01-23 09:26:06.024212,BCN-CT-001,9.2,4,9
2026-01-23 10:26:06.024212,BCN-CT-001,10.32,4,10
2026-01-23 11:26:06.024212,BCN-CT-001,13.44,4,11
2026-01-23 12:26:06.024212,BCN-CT-001,14.79,4,12
2026-01-23 13:26:06.024212,BCN-CT-001,15.35,4,13
2026-01-23 14:26:06.024212,BCN-CT-001,18.12,4,14
2026-01-23 15:26:06.024212,BCN-CT-001,19.45,4,15
2026-01-23 16:26:06.024212,BCN-CT-001,20.82,4,16
2026-01-23 17:26:06.024212,BCN-CT-001,21.84,4,17
2026-01-23 18:26:06.024212,BCN-CT-001,25.44,4,18
2026-01-23 19:26:06.024212,BCN-CT-001,26.2,4,19
2026-01-23 20:26:06.024212,BCN-CT-001,27.22,4,20
2026-01-23 21:26:06.024212,BCN-CT-001,29.22,4,21
2026-01-23 22:26:06.024212,BCN-CT-001,30.65,4,22
2026-01-23 23:26:06.024212,BCN-CT-001,31.24,4,23
2026-01-24 00:26:06.024212,BCN-CT-001,31.16,5,0
2026-01-24 01:26:06.024212,BCN-CT-001,32.22,5,1
2026-01-24 02:26:06.024212,BCN-CT-001,33.18,5,2
2026-01-24 03:26:06.024212,BCN-CT-001,32.74,5,3
2026-01-24 04:26:06.024212,BCN-CT-001,32.85,5,4
2026-01-24 05:26:06.024212,BCN-CT-001,33.7,5,5
2026-01-24 06:26:06.024212,BCN-CT-001,33.9,5,6
2026-01-24 07:26:06.024212,BCN-CT-001,34.64,5,7
2026-01-24 08:26:06.024212,BCN-CT-001,36.89,5,8
2026-01-24 09:26:06.024212,BCN-CT-001,38.84,5,9
2026-01-24 10:26:06.024212,BCN-CT-001,39.67,5,10
2026-01-24 11:26:06.024212,BCN-CT-001,40.58,5,11
2026-01-24 12:26:06.024212,BCN-CT-001,42.91,5,12
2026-01-24 13:26:06.024212,BCN-CT-001,44.57,5,13
2026-01-24 14:26:06.024212,BCN-CT-001,45.7,5,14
2026-01-24 15:26:06.024212,BCN-CT-001,47.52,5,15
2026-01-24 16:26:06.024212,BCN-CT-001,48.45,5,16
2026-01-24 17:26:06.024212,BCN-CT-001,51.87,5,17
2026-01-24 18:26:06.024212,BCN-CT-001,54.85,5,18
2026-01-24 19:26:06.024212,BCN-CT-001,56.3,5,19
2026-01-24 20:26:06.024212,BCN-CT-001,57.05,5,20
2026-01-24 21:26:06.024212,BCN-CT-001,57.9,5,21
2026-01-24 22:26:06.024212,BCN-CT-001,61.84,5,22
2026-01-24 23:26:06.024212,BCN-CT-001,61.68,5,23
2026-01-25 00:26:06.024212,BCN-CT-001,62.13,6,0
2026-01-25 01:26:06.024212,BCN-CT-001,62.56,6,1
2026-01-25 02:26:06.024212,BCN-CT-001,63.41,6,2
2026-01-25 03:26:06.024212,BCN-CT-001,64.08,6,3
2026-01-25 04:26:06.024212,BCN-CT-001,62.69,6,4
2026-01-25 05:26:06.024212,BCN-CT-001,63.01,6,5
2026-01-25 06:26:06.024212,BCN-CT-001,63.92,6,6
2026-01-25 07:26:06.024212,BCN-CT-001,63.15,6,7
2026-01-25 08:26:06.024212,BCN-CT-001,64.8,6,8
2026-01-25 09:26:06.024212,BCN-CT-001,66.46,6,9
2026-01-25 10:26:06.024212,BCN-CT-001,69.3,6,10
2026-01-25 11:26:06.024212,BCN-CT-001,72.25,6,11
2026-01-25 12:26:06.024212,BCN-CT-001,73.38,6,12
2026-01-25 13:26:06.024212,BCN-CT-001,75.83,6,13
2026-01-25 14:26:06.024212,BCN-CT-001,78.13,6,14
2026-01-25 15:26:06.024212,BCN-CT-001,79.31,6,15
2026-01-25 16:26:06.024212,BCN-CT-001,81.13,6,16
2026-01-25 17:26:06.024212,BCN-CT-001,84.19,6,17
2026-01-25 18:26:06.024212,BCN-CT-001,85.35,6,18
2026-01-25 19:26:06.024212,BCN-CT-001,87.38,6,19
2026-01-25 20:26:06.024212,BCN-CT-001,89.68,6,20
2026-01-25 21:26:06.024212,BCN-CT-001,0.79,6,21
2026-01-25 22:26:06.024212,BCN-CT-001,2.8,6,22
2026-01-25 23:26:06.024212,BCN-CT-001,3.01,6,23
2026-01-26 00:26:06.024212,BCN-CT-001,3.98,0,0
2026-01-26 01:26:06.024212,BCN-CT-001,4.28,0,1
2026-01-26 02:26:06.024212,BCN-CT-001,3.78,0,2
2026-01-26 03:26:06.024212,BCN-CT-001,4.43,0,3
2026-01-26 04:26:06.024212,BCN-CT-001,5.07,0,4
2026-01-26 05:26:06.024212,BCN-CT-001,3.74,0,5
2026-01-26 06:26:06.024212,BCN-CT-001,3.67,0,6
2026-01-26 07:26:06.024212,BCN-CT-001,4.66,0,7
2026-01-26 08:26:06.024212,BCN-CT-001,5.65,0,8
2026-01-26 09:26:06.024212,BCN-CT-001,7.83,0,9
2026-01-26 10:26:06.024212,BCN-CT-001,8.75,0,10
2026-01-26 11:26:06.024212,BCN-CT-001,8.93,0,11
2026-01-26 12:26:06.024212,BCN-CT-001,9.5,0,12
2026-01-26 13:26:06.024212,BCN-CT-001,12.2,0,13
2026-01-26 14:26:06.024212,BCN-CT-001,12.76,0,14
2026-01-26 15:26:06.024212,BCN-CT-001,12.78,0,15
2026-01-26 16:26:06.024212,BCN-CT-001,14.74,0,16
2026-01-26 17:26:06.024212,BCN-CT-001,15.17,0,17
2026-01-26 18:26:06.024212,BCN-CT-001,17.55,0,18
2026-01-26 19:26:06.024212,BCN-CT-001,18.57,0,19
2026-01-26 20:26:06.024212,BCN-CT-001,20.16,0,20
2026-01-26 21:26:06.024212,BCN-CT-001,21.57,0,21
2026-01-26 22:26:06.024212,BCN-CT-001,23.73,0,22
2026-01-26 23:26:06.024212,BCN-CT-001,24.5,0,23
2026-01-27 00:26:06.024212,BCN-CT-001,23.64,1,0
2026-01-27 01:26:06.024212,BCN-CT-001,22.74,1,1
2026-01-27 02:26:06.024212,BCN-CT-001,24.21,1,2
2026-01-27 03:26:06.024212,BCN-CT-001,23.93,1,3
2026-01-27 04:26:06.024212,BCN-CT-001,23.57,1,4
2026-01-27 05:26:06.024212,BCN-CT-001,24.1,1,5
2026-01-27 06:26:06.024212,BCN-CT-001,0.47,1,6
2026-01-27 07:26:06.024212,BCN-CT-001,0.28,1,7
2026-01-27 08:26:06.024212,BCN-CT-001,2.46,1,8
2026-01-27 09:26:06.024212,BCN-CT-001,2.3,1,9
2026-01-27 10:26:06.024212,BCN-CT-001,3.87,1,10
2026-01-27 11:26:06.024212,BCN-CT-001,5.37,1,11
2026-01-27 12:26:06.024212,BCN-CT-001,7.06,1,12
2026-01-27 13:26:06.024212,BCN-CT-001,8.5,1,13
2026-01-27 14:26:06.024212,BCN-CT-001,10.89,1,14
2026-01-27 15:26:06.024212,BCN-CT-001,11.64,1,15
2026-01-27 16:26:06.024212,BCN-CT-001,13.29,1,16
2026-01-27 17:26:06.024212,BCN-CT-001,13.4,1,17
2026-01-27 18:26:06.024212,BCN-CT-001,14.58,1,18
2026-01-27 19:26:06.024212,BCN-CT-001,16.16,1,19
2026-01-27 20:26:06.024212,BCN-CT-001,15.79,1,20
2026-01-27 21:26:06.024212,BCN-CT-001,18.61,1,21
2026-01-27 22:26:06.024212,BCN-CT-001,20.31,1,22
2026-01-27 23:26:06.024212,BCN-CT-001,19.89,1,23
2026-01-28 00:26:06.024212,BCN-CT-001,19.53,2,0
2026-01-28 01:26:06.024212,BCN-CT-001,21.1,2,1
2026-01-28 02:26:06.024212,BCN-CT-001,21.18,2,2
2026-01-28 03:26:06.024212,BCN-CT-001,21.96,2,3
2026-01-28 04:26:06.024212,BCN-CT-001,21.0,2,4
2026-01-28 05:26:06.024212,BCN-CT-001,21.45,2,5
2026-01-28 06:26:06.024212,BCN-CT-001,21.45,2,6
2026-01-28 07:26:06.024212,BCN-CT-001,21.22,2,7
2026-01-28 08:26:06.024212,BCN-CT-001,22.17,2,8
2026-01-28 09:26:06.024212,BCN-CT-001,23.53,2,9
2026-01-28 10:26:06.024212,BCN-CT-001,24.0,2,10
2026-01-28 11:26:06.024212,BCN-CT-001,25.6,2,11
2026-01-28 12:26:06.024212,BCN-CT-001,25.81,2,12
2026-01-28 13:26:06.024212,BCN-CT-001,26.54,2,13
2026-01-28 14:26:06.024212,BCN-CT-001,27.05,2,14
2026-01-28 15:26:06.024212,BCN-CT-001,28.45,2,15
2026-01-28 16:26:06.024212,BCN-CT-001,31.02,2,16
2026-01-28 17:26:06.024212,BCN-CT-001,33.07,2,17
2026-01-28 18:26:06.024212,BCN-CT-001,33.95,2,18
2026-01-28 19:26:06.024212,BCN-CT-001,34.17,2,19
2026-01-28 20:26:06.024212,BCN-CT-001,35.75,2,20
2026-01-28 21:26:06.024212,BCN-CT-001,36.67,2,21
2026-01-28 22:26:06.024212,BCN-CT-001,38.9,2,22
2026-01-28 23:26:06.024212,BCN-CT-001,38.56,2,23
2026-01-29 00:26:06.024212,BCN-CT-001,38.88,3,0
2026-01-29 01:26:06.024212,BCN-CT-001,39.43,3,1
2026-01-29 02:26:06.024212,BCN-CT-001,39.55,3,2
2026-01-29 03:26:06.024212,BCN-CT-001,40.56,3,3
2026-01-29 04:26:06.024212,BCN-CT-001,40.03,3,4
2026-01-29 05:26:06.024212,BCN-CT-001,38.3,3,5
2026-01-29 06:26:06.024212,BCN-CT-001,39.99,3,6
2026-01-29 07:26:06.024212,BCN-CT-001,40.11,3,7
2026-01-29 08:26:06.024212,BCN-CT-001,42.21,3,8
2026-01-29 09:26:06.024212,BCN-CT-001,42.49,3,9
2026-01-29 10:26:06.024212,BCN-CT-001,43.41,3,10
2026-01-29 11:26:06.024212,BCN-CT-001,43.71,3,11
2026-01-29 12:26:06.024212,BCN-CT-001,45.55,3,12
2026-01-29 13:26:06.024212,BCN-CT-001,47.52,3,13
2026-01-29 14:26:06.024212,BCN-CT-001,48.94,3,14
2026-01-29 15:26:06.024212,BCN-CT-001,48.91,3,15
2026-01-29 16:26:06.024212,BCN-CT-001,49.54,3,16
2026-01-29 17:26:06.024212,BCN-CT-001,50.15,3,17
2026-01-29 18:26:06.024212,BCN-CT-001,52.36,3,18
2026-01-29 19:26:06.024212,BCN-CT-001,52.68,3,19
2026-01-29 20:26:06.024212,BCN-CT-001,55.0,3,20
2026-01-29 21:26:06.024212,BCN-CT-001,56.09,3,21
2026-01-29 22:26:06.024212,BCN-CT-001,56.46,3,22
2026-01-29 23:26:06.024212,BCN-CT-001,57.3,3,23
2026-01-30 00:26:06.024212,BCN-CT-001,56.98,4,0
2026-01-30 01:26:06.024212,BCN-CT-001,58.0,4,1
2026-01-30 02:26:06.024212,BCN-CT-001,56.81,4,2
2026-01-30 03:26:06.024212,BCN-CT-001,57.68,4,3
2026-01-30 04:26:06.024212,BCN-CT-001,58.11,4,4
2026-01-30 05:26:06.024212,BCN-CT-001,59.24,4,5
2026-01-30 06:26:06.024212,BCN-CT-001,1.56,4,6
2026-01-30 07:26:06.024212,BCN-CT-001,2.57,4,7
2026-01-30 08:26:06.024212,BCN-CT-001,4.7,4,8
2026-01-30 09:26:06.024212,BCN-CT-001,8.06,4,9
2026-01-30 10:26:06.024212,BCN-CT-001,10.14,4,10
2026-01-30 11:26:06.024212,BCN-CT-001,10.28,4,11
2026-01-30 12:26:06.024212,BCN-CT-001,12.0,4,12
2026-01-30 13:26:06.024212,BCN-CT-001,13.3,4,13
2026-01-30 14:26:06.024212,BCN-CT-001,16.29,4,14
2026-01-30 15:26:06.024212,BCN-CT-001,17.23,4,15
2026-01-30 16:26:06.024212,BCN-CT-001,19.91,4,16
2026-01-30 17:26:06.024212,BCN-CT-001,20.89,4,17
2026-01-30 18:26:06.024212,BCN-CT-001,24.81,4,18
2026-01-30 19:26:06.024212,BCN-CT-001,27.56,4,19
2026-01-30 20:26:06.024212,BCN-CT-001,27.81,4,20
2026-01-30 21:26:06.024212,BCN-CT-001,31.19,4,21
2026-01-30 22:26:06.024212,BCN-CT-001,31.93,4,22
2026-01-30 23:26:06.024212,BCN-CT-001,32.79,4,23
2026-01-31 00:26:06.024212,BCN-CT-001,32.86,5,0
2026-01-31 01:26:06.024212,BCN-CT-001,33.19,5,1
2026-01-31 02:26:06.024212,BCN-CT-001,33.77,5,2
2026-01-31 03:26:06.024212,BCN-CT-001,34.22,5,3
2026-01-31 04:26:06.024212,BCN-CT-001,32.89,5,4
2026-01-31 05:26:06.024212,BCN-CT-001,34.84,5,5
2026-01-31 06:26:06.024212,BCN-CT-001,34.88,5,6
2026-01-31 07:26:06.024212,BCN-CT-001,35.16,5,7
2026-01-31 08:26:06.024212,BCN-CT-001,37.94,5,8
2026-01-31 09:26:06.024212,BCN-CT-001,39.63,5,9
2026-01-31 10:26:06.024212,BCN-CT-001,41.52,5,10
2026-01-31 11:26:06.024212,BCN-CT-001,43.11,5,11
2026-01-31 12:26:06.024212,BCN-CT-001,44.88,5,12
2026-01-31 13:26:06.024212,BCN-CT-001,46.63,5,13
2026-01-31 14:26:06.024212,BCN-CT-001,47.2,5,14
2026-01-31 15:26:06.024212,BCN-CT-001,49.46,5,15
2026-01-31 16:26:06.024212,BCN-CT-001,53.16,5,16
2026-01-31 17:26:06.024212,BCN-CT-001,55.64,5,17
2026-01-31 18:26:06.024212,BCN-CT-001,56.44,5,18
2026-01-31 19:26:06.024212,BCN-CT-001,59.14,5,19
2026-01-31 20:26:06.024212,BCN-CT-001,61.82,5,20
2026-01-31 21:26:06.024212,BCN-CT-001,63.33,5,21
2026-01-31 22:26:06.024212,BCN-CT-001,66.47,5,22
2026-01-31 23:26:06.024212,BCN-CT-001,66.04,5,23
2026-02-01 00:26:06.024212,BCN-CT-001,67.08,6,0
2026-02-01 01:26:06.024212,BCN-CT-001,66.89,6,1
2026-02-01 02:26:06.024212,BCN-CT-001,67.68,6,2
2026-02-01 03:26:06.024212,BCN-CT-001,67.02,6,3
2026-02-01 04:26:06.024212,BCN-CT-001,68.48,6,4
2026-02-01 05:26:06.024212,BCN-CT-001,68.99,6,5
2026-02-01 06:26:06.024212,BCN-CT-001,69.0,6,6
2026-02-01 07:26:06.024212,BCN-CT-001,68.23,6,7
2026-02-01 08:26:06.024212,BCN-CT-001,70.74,6,8
2026-02-01 09:26:06.024212,BCN-CT-001,70.89,6,9
2026-02-01 10:26:06.024212,BCN-CT-001,73.41,6,10
2026-02-01 11:26:06.024212,BCN-CT-001,75.39,6,11
2026-02-01 12:26:06.024212,BCN-CT-001,76.46,6,12
2026-02-01 13:26:06.024212,BCN-CT-001,77.48,6,13
2026-02-01 14:26:06.024212,BCN-CT-001,80.28,6,14
2026-02-01 15:26:06.024212,BCN-CT-001,83.43,6,15
2026-02-01 16:26:06.024212,BCN-CT-001,83.72,6,16
2026-02-01 17:26:06.024212,BCN-CT-001,86.12,6,17
2026-02-01 18:26:06.024212,BCN-CT-001,89.27,6,18
2026-02-01 19:26:06.024212,BCN-CT-001,3.76,6,19
2026-02-01 20:26:06.024212,BCN-CT-001,4.9,6,20
2026-02-01 21:26:06.024212,BCN-CT-001,7.11,6,21
2026-02-01 22:26:06.024212,BCN-CT-001,7.32,6,22
2026-02-01 23:26:06.024212,BCN-CT-001,6.85,6,23
2026-02-02 00:26:06.024212,BCN-CT-001,7.51,0,0
2026-02-02 01:26:06.024212,BCN-CT-001,7.23,0,1
2026-02-02 02:26:06.024212,BCN-CT-001,8.78,0,2
2026-02-02 03:26:06.024212,BCN-CT-001,7.46,0,3
2026-02-02 04:26:06.024212,BCN-CT-001,8.84,0,4
2026-02-02 05:26:06.024212,BCN-CT-001,8.72,0,5
2026-02-02 06:26:06.024212,BCN-CT-001,8.77,0,6
2026-02-02 07:26:06.024212,BCN-CT-001,9.16,0,7
2026-02-02 08:26:06.024212,BCN-CT-001,9.99,0,8
2026-02-02 09:26:06.024212,BCN-CT-001,9.49,0,9
2026-02-02 10:26:06.024212,BCN-CT-001,11.52,0,10
2026-02-02 11:26:06.024212,BCN-CT-001,11.39,0,11
2026-02-02 12:26:06.024212,BCN-CT-001,13.0,0,12
2026-02-02 13:26:06.024212,BCN-CT-001,14.55,0,13
2026-02-02 14:26:06.024212,BCN-CT-001,15.7,0,14
2026-02-02 15:26:06.024212,BCN-CT-001,17.35,0,15
2026-02-02 16:26:06.024212,BCN-CT-001,18.28,0,16
2026-02-02 17:26:06.024212,BCN-CT-001,19.47,0,17
2026-02-02 18:26:06.024212,BCN-CT-001,19.77,0,18
2026-02-02 19:26:06.024212,BCN-CT-001,20.76,0,19
2026-02-02 20:26:06.024212,BCN-CT-001,23.31,0,20
2026-02-02 21:26:06.024212,BCN-CT-001,24.18,0,21
2026-02-02 22:26:06.024212,BCN-CT-001,26.25,0,22
2026-02-02 23:26:06.024212,BCN-CT-001,25.24,0,23
2026-02-03 00:26:06.024212,BCN-CT-001,25.65,1,0
2026-02-03 01:26:06.024212,BCN-CT-001,26.08,1,1
2026-02-03 02:26:06.024212,BCN-CT-001,25.92,1,2
2026-02-03 03:26:06.024212,BCN-CT-001,26.7,1,3
2026-02-03 04:26:06.024212,BCN-CT-001,26.72,1,4
2026-02-03 05:26:06.024212,BCN-CT-001,27.26,1,5
2026-02-03 06:26:06.024212,BCN-CT-001,0.0,1,6
2026-02-03 07:26:06.024212,BCN-CT-001,0.0,1,7
2026-02-03 08:26:06.024212,BCN-CT-001,1.18,1,8
2026-02-03 09:26:06.024212,BCN-CT-001,2.35,1,9
2026-02-03 10:26:06.024212,BCN-CT-001,2.72,1,10
2026-02-03 11:26:06.024212,BCN-CT-001,3.26,1,11
2026-02-03 12:26:06.024212,BCN-CT-001,3.53,1,12
2026-02-03 13:26:06.024212,BCN-CT-001,4.78,1,13
2026-02-03 14:26:06.024212,BCN-CT-001,6.94,1,14
2026-02-03 15:26:06.024212,BCN-CT-001,9.24,1,15
2026-02-03 16:26:06.024212,BCN-CT-001,9.14,1,16
2026-02-03 17:26:06.024212,BCN-CT-001,11.01,1,17
2026-02-03 18:26:06.024212,BCN-CT-001,12.59,1,18
2026-02-03 19:26:06.024212,BCN-CT-001,12.57,1,19
2026-02-03 20:26:06.024212,BCN-CT-001,12.96,1,20
2026-02-03 21:26:06.024212,BCN-CT-001,14.22,1,21
2026-02-03 22:26:06.024212,BCN-CT-001,17.07,1,22
2026-02-03 23:26:06.024212,BCN-CT-001,16.03,1,23
2026-02-04 00:26:06.024212,BCN-CT-001,17.1,2,0
2026-02-04 01:26:06.024212,BCN-CT-001,16.87,2,1
2026-02-04 02:26:06.024212,BCN-CT-001,17.48,2,2
2026-02-04 03:26:06.024212,BCN-CT-001,17.98,2,3
2026-02-04 04:26:06.024212,BCN-CT-001,18.25,2,4
2026-02-04 05:26:06.024212,BCN-CT-001,17.93,2,5
2026-02-04 06:26:06.024212,BCN-CT-001,17.12,2,6
2026-02-04 07:26:06.024212,BCN-CT-001,18.44,2,7
2026-02-04 08:26:06.024212,BCN-CT-001,19.16,2,8
2026-02-04 09:26:06.024212,BCN-CT-001,19.59,2,9
2026-02-04 10:26:06.024212,BCN-CT-001,21.08,2,10
2026-02-04 11:26:06.024212,BCN-CT-001,22.87,2,11
2026-02-04 12:26:06.024212,BCN-CT-001,24.79,2,12
2026-02-04 13:26:06.024212,BCN-CT-001,25.72,2,13
2026-02-04 14:26:06.024212,BCN-CT-001,26.07,2,14
2026-02-04 15:26:06.024212,BCN-CT-001,27.54,2,15
2026-02-04 16:26:06.024212,BCN-CT-001,28.49,2,16
2026-02-04 17:26:06.024212,BCN-CT-001,30.8,2,17
2026-02-04 18:26:06.024212,BCN-CT-001,30.87,2,18
2026-02-04 19:26:06.024212,BCN-CT-001,32.41,2,19
2026-02-04 20:26:06.024212,BCN-CT-001,33.51,2,20
2026-02-04 21:26:06.024212,BCN-CT-001,34.08,2,21
2026-02-04 22:26:06.024212,BCN-CT-001,35.77,2,22
2026-02-04 23:26:06.024212,BCN-CT-001,36.81,2,23
2026-02-05 00:26:06.024212,BCN-CT-001,36.57,3,0
2026-02-05 01:26:06.024212,BCN-CT-001,36.61,3,1
2026-02-05 02:26:06.024212,BCN-CT-001,36.22,3,2
2026-02-05 03:26:06.024212,BCN-CT-001,36.98,3,3
2026-02-05 04:26:06.024212,BCN-CT-001,38.26,3,4
2026-02-05 05:26:06.024212,BCN-CT-001,38.34,3,5
2026-02-05 06:26:06.024212,BCN-CT-001,38.33,3,6
2026-02-05 07:26:06.024212,BCN-CT-001,37.52,3,7
2026-02-05 08:26:06.024212,BCN-CT-001,38.99,3,8
2026-02-05 09:26:06.024212,BCN-CT-001,40.55,3,9
2026-02-05 10:26:06.024212,BCN-CT-001,41.25,3,10
2026-02-05 11:26:06.024212,BCN-CT-001,42.85,3,11
2026-02-05 12:26:06.024212,BCN-CT-001,44.35,3,12
2026-02-05 13:26:06.024212,BCN-CT-001,45.84,3,13
2026-02-05 14:26:06.024212,BCN-CT-001,47.01,3,14
2026-02-05 15:26:06.024212,BCN-CT-001,46.85,3,15
2026-02-05 16:26:06.024212,BCN-CT-001,48.12,3,16
2026-02-05 17:26:06.024212,BCN-CT-001,49.71,3,17
2026-02-05 18:26:06.024212,BCN-CT-001,51.29,3,18
2026-02-05 19:26:06.024212,BCN-CT-001,52.2,3,19
2026-02-05 20:26:06.024212,BCN-CT-001,52.9,3,20
2026-02-05 21:26:06.024212,BCN-CT-001,54.22,3,21
2026-02-05 22:26:06.024212,BCN-CT-001,54.88,3,22
2026-02-05 23:26:06.024212,BCN-CT-001,55.55,3,23
2026-02-06 00:26:06.024212,BCN-CT-001,56.75,4,0
2026-02-06 01:26:06.024212,BCN-CT-001,57.0,4,1
2026-02-06 02:26:06.024212,BCN-CT-001,56.56,4,2
2026-02-06 03:26:06.024212,BCN-CT-001,56.8,4,3
2026-02-06 04:26:06.024212,BCN-CT-001,57.49,4,4
2026-02-06 05:26:06.024212,BCN-CT-001,58.54,4,5
2026-02-06 06:26:06.024212,BCN-CT-001,3.39,4,6
2026-02-06 07:26:06.024212,BCN-CT-001,5.18,4,7
2026-02-06 08:26:06.024212,BCN-CT-001,5.78,4,8
2026-02-06 09:26:06.024212,BCN-CT-001,7.71,4,9
2026-02-06 10:26:06.024212,BCN-CT-001,9.29,4,10
2026-02-06 11:26:06.024212,BCN-CT-001,11.57,4,11
2026-02-06 12:26:06.024212,BCN-CT-001,14.27,4,12
2026-02-06 13:26:06.024212,BCN-CT-001,15.67,4,13
2026-02-06 14:26:06.024212,BCN-CT-001,17.52,4,14
2026-02-06 15:26:06.024212,BCN-CT-001,17.26,4,15
2026-02-06 16:26:06.024212,BCN-CT-001,21.39,4,16
2026-02-06 17:26:06.024212,BCN-CT-001,23.59,4,17
2026-02-06 18:26:06.024212,BCN-CT-001,25.93,4,18
2026-02-06 19:26:06.024212,BCN-CT-001,26.72,4,19
2026-02-06 20:26:06.024212,BCN-CT-001,28.62,4,20
2026-02-06 21:26:06.024212,BCN-CT-001,29.12,4,21
2026-02-06 22:26:06.024212,BCN-CT-001,32.41,4,22
2026-02-06 23:26:06.024212,BCN-CT-001,31.98,4,23
2026-02-07 00:26:06.024212,BCN-CT-001,33.71,5,0
2026-02-07 01:26:06.024212,BCN-CT-001,33.35,5,1
2026-02-07 02:26:06.024212,BCN-CT-001,33.35,5,2
2026-02-07 03:26:06.024212,BCN-CT-001,34.64,5,3
2026-02-07 04:26:06.024212,BCN-CT-001,34.56,5,4
2026-02-07 05:26:06.024212,BCN-CT-001,34.02,5,5
2026-02-07 06:26:06.024212,BCN-CT-001,34.23,5,6
2026-02-07 07:26:06.024212,BCN-CT-001,33.96,5,7
2026-02-07 08:26:06.024212,BCN-CT-001,37.21,5,8
2026-02-07 09:26:06.024212,BCN-CT-001,38.2,5,9
2026-02-07 10:26:06.024212,BCN-CT-001,39.25,5,10
2026-02-07 11:26:06.024212,BCN-CT-001,42.4,5,11
2026-02-07 12:26:06.024212,BCN-CT-001,44.42,5,12
2026-02-07 13:26:06.024212,BCN-CT-001,45.36,5,13
2026-02-07 14:26:06.024212,BCN-CT-001,48.29,5,14
2026-02-07 15:26:06.024212,BCN-CT-001,48.72,5,15
2026-02-07 16:26:06.024212,BCN-CT-001,52.06,5,16
2026-02-07 17:26:06.024212,BCN-CT-001,54.63,5,17
2026-02-07 18:26:06.024212,BCN-CT-001,55.88,5,18
2026-02-07 19:26:06.024212,BCN-CT-001,58.63,5,19
2026-02-07 20:26:06.024212,BCN-CT-001,60.75,5,20
2026-02-07 21:26:06.024212,BCN-CT-001,61.82,5,21
2026-02-07 22:26:06.024212,BCN-CT-001,64.05,5,22
2026-02-07 23:26:06.024212,BCN-CT-001,64.35,5,23
2026-02-08 00:26:06.024212,BCN-CT-001,64.54,6,0
2026-02-08 01:26:06.024212,BCN-CT-001,63.83,6,1
2026-02-08 02:26:06.024212,BCN-CT-001,65.07,6,2
2026-02-08 03:26:06.024212,BCN-CT-001,64.81,6,3
2026-02-08 04:26:06.024212,BCN-CT-001,65.78,6,4
2026-02-08 05:26:06.024212,BCN-CT-001,66.06,6,5
2026-02-08 06:26:06.024212,BCN-CT-001,66.48,6,6
2026-02-08 07:26:06.024212,BCN-CT-001,67.38,6,7
2026-02-08 08:26:06.024212,BCN-CT-001,67.86,6,8
2026-02-08 09:26:06.024212,BCN-CT-001,71.11,6,9
2026-02-08 10:26:06.024212,BCN-CT-001,72.45,6,10
2026-02-08 11:26:06.024212,BCN-CT-001,73.14,6,11
2026-02-08 12:26:06.024212,BCN-CT-001,74.14,6,12
2026-02-08 13:26:06.024212,BCN-CT-001,78.02,6,13
2026-02-08 14:26:06.024212,BCN-CT-001,79.51,6,14
2026-02-08 15:26:06.024212,BCN-CT-001,82.13,6,15
2026-02-08 16:26:06.024212,BCN-CT-001,84.13,6,16
2026-02-08 17:26:06.024212,BCN-CT-001,84.96,6,17
2026-02-08 18:26:06.024212,BCN-CT-001,86.99,6,18
2026-02-08 19:26:06.024212,BCN-CT-001,88.97,6,19
2026-02-08 20:26:06.024212,BCN-CT-001,2.83,6,20
2026-02-08 21:26:06.024212,BCN-CT-001,5.55,6,21
2026-02-08 22:26:06.024212,BCN-CT-001,5.95,6,22
2026-02-08 23:26:06.024212,BCN-CT-001,6.24,6,23
2026-02-09 00:26:06.024212,BCN-CT-001,6.6,0,0
2026-02-09 01:26:06.024212,BCN-CT-001,7.43,0,1
2026-02-09 02:26:06.024212,BCN-CT-001,7.53,0,2
2026-02-09 03:26:06.024212,BCN-CT-001,9.16,0,3
2026-02-09 04:26:06.024212,BCN-CT-001,8.82,0,4
2026-02-09 05:26:06.024212,BCN-CT-001,8.84,0,5
2026-02-09 06:26:06.024212,BCN-CT-001,8.66,0,6
2026-02-09 07:26:06.024212,BCN-CT-001,9.35,0,7
2026-02-09 08:26:06.024212,BCN-CT-001,10.29,0,8
2026-02-09 09:26:06.024212,BCN-CT-001,12.6,0,9
2026-02-09 10:26:06.024212,BCN-CT-001,13.59,0,10
2026-02-09 11:26:06.024212,BCN-CT-001,13.83,0,11
2026-02-09 12:26:06.024212,BCN-CT-001,14.12,0,12
2026-02-09 13:26:06.024212,BCN-CT-001,16.73,0,13
2026-02-09 14:26:06.024212,BCN-CT-001,18.62,0,14
2026-02-09 15:26:06.024212,BCN-CT-001,19.37,0,15
2026-02-09 16:26:06.024212,BCN-CT-001,19.43,0,16
2026-02-09 17:26:06.024212,BCN-CT-001,20.91,0,17
2026-02-09 18:26:06.024212,BCN-CT-001,21.48,0,18
2026-02-09 19:26:06.024212,BCN-CT-001,23.98,0,19
2026-02-09 20:26:06.024212,BCN-CT-001,25.55,0,20
2026-02-09 21:26:06.024212,BCN-CT-001,26.98,0,21
2026-02-09 22:26:06.024212,BCN-CT-001,29.08,0,22
2026-02-09 23:26:06.024212,BCN-CT-001,28.73,0,23
2026-02-10 00:26:06.024212,BCN-CT-001,29.0,1,0
2026-02-10 01:26:06.024212,BCN-CT-001,28.86,1,1
2026-02-10 02:26:06.024212,BCN-CT-001,29.77,1,2
2026-02-10 03:26:06.024212,BCN-CT-001,30.95,1,3
2026-02-10 04:26:06.024212,BCN-CT-001,29.01,1,4
2026-02-10 05:26:06.024212,BCN-CT-001,29.15,1,5
2026-02-10 06:26:06.024212,BCN-CT-001,1.99,1,6
2026-02-10 07:26:06.024212,BCN-CT-001,1.93,1,7
2026-02-10 08:26:06.024212,BCN-CT-001,3.42,1,8
2026-02-10 09:26:06.024212,BCN-CT-001,5.92,1,9
2026-02-10 10:26:06.024212,BCN-CT-001,7.32,1,10
2026-02-10 11:26:06.024212,BCN-CT-001,7.79,1,11
2026-02-10 12:26:06.024212,BCN-CT-001,9.48,1,12
2026-02-10 13:26:06.024212,BCN-CT-001,10.2,1,13
2026-02-10 14:26:06.024212,BCN-CT-001,11.61,1,14
2026-02-10 15:26:06.024212,BCN-CT-001,13.34,1,15
2026-02-10 16:26:06.024212,BCN-CT-001,13.71,1,16
2026-02-10 17:26:06.024212,BCN-CT-001,16.13,1,17
2026-02-10 18:26:06.024212,BCN-CT-001,17.46,1,18
2026-02-10 19:26:06.024212,BCN-CT-001,18.78,1,19
2026-02-10 20:26:06.024212,BCN-CT-001,21.54,1,20
2026-02-10 21:26:06.024212,BCN-CT-001,22.36,1,21
2026-02-10 22:26:06.024212,BCN-CT-001,23.74,1,22
2026-02-10 23:26:06.024212,BCN-CT-001,22.49,1,23
2026-02-11 00:26:06.024212,BCN-CT-001,22.81,2,0
2026-02-11 01:26:06.024212,BCN-CT-001,23.52,2,1
2026-02-11 02:26:06.024212,BCN-CT-001,24.54,2,2
2026-02-11 03:26:06.024212,BCN-CT-001,23.71,2,3
2026-02-11 04:26:06.024212,BCN-CT-001,24.94,2,4
2026-02-11 05:26:06.024212,BCN-CT-001,24.97,2,5
2026-02-11 06:26:06.024212,BCN-CT-001,25.38,2,6
2026-02-11 07:26:06.024212,BCN-CT-001,25.15,2,7
2026-02-11 08:26:06.024212,BCN-CT-001,24.87,2,8
2026-02-11 09:26:06.024212,BCN-CT-001,26.01,2,9
2026-02-11 10:26:06.024212,BCN-CT-001,27.76,2,10
2026-02-11 11:26:06.024212,BCN-CT-001,29.64,2,11
2026-02-11 12:26:06.024212,BCN-CT-001,31.92,2,12
2026-02-11 13:26:06.024212,BCN-CT-001,33.34,2,13
2026-02-11 14:26:06.024212,BCN-CT-001,34.37,2,14
2026-02-11 15:26:06.024212,BCN-CT-001,36.03,2,15
2026-02-11 16:26:06.024212,BCN-CT-001,35.58,2,16
2026-02-11 17:26:06.024212,BCN-CT-001,38.34,2,17
2026-02-11 18:26:06.024212,BCN-CT-001,40.04,2,18
2026-02-11 19:26:06.024212,BCN-CT-001,40.9,2,19
2026-02-11 20:26:06.024212,BCN-CT-001,42.12,2,20
2026-02-11 21:26:06.024212,BCN-CT-001,42.85,2,21
2026-02-11 22:26:06.024212,BCN-CT-001,44.12,2,22
2026-02-11 23:26:06.024212,BCN-CT-001,43.98,2,23
2026-02-12 00:26:06.024212,BCN-CT-001,43.5,3,0
2026-02-12 01:26:06.024212,BCN-CT-001,44.2,3,1
2026-02-12 02:26:06.024212,BCN-CT-001,44.64,3,2
2026-02-12 03:26:06.024212,BCN-CT-001,44.78,3,3
2026-02-12 04:26:06.024212,BCN-CT-001,43.71,3,4
2026-02-12 05:26:06.024212,BCN-CT-001,44.36,3,5
2026-02-12 06:26:06.024212,BCN-CT-001,44.1,3,6
2026-02-12 07:26:06.024212,BCN-CT-001,44.49,3,7
2026-02-12 08:26:06.024212,BCN-CT-001,44.34,3,8
2026-02-12 09:26:06.024212,BCN-CT-001,47.43,3,9
2026-02-12 10:26:06.024212,BCN-CT-001,47.67,3,10
2026-02-12 11:26:06.024212,BCN-CT-001,50.81,3,11
2026-02-12 12:26:06.024212,BCN-CT-001,52.4,3,12
2026-02-12 13:26:06.024212,BCN-CT-001,52.0,3,13
2026-02-12 14:26:06.024212,BCN-CT-001,53.53,3,14
2026-02-12 15:26:06.024212,BCN-CT-001,53.95,3,15
2026-02-12 16:26:06.024212,BCN-CT-001,54.99,3,16
2026-02-12 17:26:06.024212,BCN-CT-001,56.07,3,17
2026-02-12 18:26:06.024212,BCN-CT-001,56.41,3,18
2026-02-12 19:26:06.024212,BCN-CT-001,58.97,3,19
2026-02-12 20:26:06.024212,BCN-CT-001,60.79,3,20
2026-02-12 21:26:06.024212,BCN-CT-001,62.06,3,21
2026-02-12 22:26:06.024212,BCN-CT-001,63.91,3,22
2026-02-12 23:26:06.024212,BCN-CT-001,64.52,3,23
2026-02-13 00:26:06.024212,BCN-CT-001,64.46,4,0
2026-02-13 01:26:06.024212,BCN-CT-001,65.63,4,1
2026-02-13 02:26:06.024212,BCN-CT-001,65.3,4,2
2026-02-13 03:26:06.024212,BCN-CT-001,67.39,4,3
2026-02-13 04:26:06.024212,BCN-CT-001,66.71,4,4
2026-02-13 05:26:06.024212,BCN-CT-001,67.04,4,5
2026-02-13 06:26:06.024212,BCN-CT-001,1.46,4,6
2026-02-13 07:26:06.024212,BCN-CT-001,0.9,4,7
2026-02-13 08:26:06.024212,BCN-CT-001,3.78,4,8
2026-02-13 09:26:06.024212,BCN-CT-001,3.58,4,9
2026-02-13 10:26:06.024212,BCN-CT-001,6.21,4,10
2026-02-13 11:26:06.024212,BCN-CT-001,8.06,4,11
2026-02-13 12:26:06.024212,BCN-CT-001,9.03,4,12
2026-02-13 13:26:06.024212,BCN-CT-001,10.9,4,13
2026-02-13 14:26:06.024212,BCN-CT-001,11.33,4,14
2026-02-13 15:26:06.024212,BCN-CT-001,11.55,4,15
2026-02-13 16:26:06.024212,BCN-CT-001,13.75,4,16
2026-02-13 17:26:06.024212,BCN-CT-001,16.08,4,17
2026-02-13 18:26:06.024212,BCN-CT-001,17.93,4,18
2026-02-13 19:26:06.024212,BCN-CT-001,19.85,4,19
2026-02-13 20:26:06.024212,BCN-CT-001,21.02,4,20
2026-02-13 21:26:06.024212,BCN-CT-001,23.1,4,21
2026-02-13 22:26:06.024212,BCN-CT-001,25.16,4,22
2026-02-13 23:26:06.024212,BCN-CT-001,26.26,4,23
2026-02-14 00:26:06.024212,BCN-CT-001,26.7,5,0
2026-02-14 01:26:06.024212,BCN-CT-001,27.45,5,1
2026-02-14 02:26:06.024212,BCN-CT-001,27.27,5,2
2026-02-14 03:26:06.024212,BCN-CT-001,28.33,5,3
2026-02-14 04:26:06.024212,BCN-CT-001,27.65,5,4
2026-02-14 05:26:06.024212,BCN-CT-001,27.96,5,5
2026-02-14 06:26:06.024212,BCN-CT-001,29.12,5,6
2026-02-14 07:26:06.024212,BCN-CT-001,28.7,5,7
2026-02-14 08:26:06.024212,BCN-CT-001,29.99,5,8
2026-02-14 09:26:06.024212,BCN-CT-001,32.56,5,9
2026-02-14 10:26:06.024212,BCN-CT-001,34.53,5,10
2026-02-14 11:26:06.024212,BCN-CT-001,36.35,5,11
2026-02-14 12:26:06.024212,BCN-CT-001,39.73,5,12
2026-02-14 13:26:06.024212,BCN-CT-001,41.96,5,13
2026-02-14 14:26:06.024212,BCN-CT-001,42.91,5,14
2026-02-14 15:26:06.024212,BCN-CT-001,45.02,5,15
2026-02-14 16:26:06.024212,BCN-CT-001,47.67,5,16
2026-02-14 17:26:06.024212,BCN-CT-001,50.05,5,17
2026-02-14 18:26:06.024212,BCN-CT-001,50.66,5,18
2026-02-14 19:26:06.024212,BCN-CT-001,53.3,5,19
2026-02-14 20:26:06.024212,BCN-CT-001,55.6,5,20
2026-02-14 21:26:06.024212,BCN-CT-001,57.02,5,21
2026-02-14 22:26:06.024212,BCN-CT-001,59.35,5,22
2026-02-14 23:26:06.024212,BCN-CT-001,59.48,5,23
2026-02-15 00:26:06.024212,BCN-CT-001,60.59,6,0
2026-02-15 01:26:06.024212,BCN-CT-001,59.77,6,1
2026-02-15 02:26:06.024212,BCN-CT-001,60.23,6,2
2026-02-15 03:26:06.024212,BCN-CT-001,61.06,6,3
2026-02-15 04:26:06.024212,BCN-CT-001,61.4,6,4
2026-02-15 05:26:06.024212,BCN-CT-001,60.66,6,5
2026-02-15 06:26:06.024212,BCN-CT-001,61.46,6,6
2026-02-15 07:26:06.024212,BCN-CT-001,62.5,6,7
2026-02-15 08:26:06.024212,BCN-CT-001,63.68,6,8
2026-02-15 09:26:06.024212,BCN-CT-001,65.77,6,9
2026-02-15 10:26:06.024212,BCN-CT-001,68.05,6,10
2026-02-15 11:26:06.024212,BCN-CT-001,70.93,6,11
2026-02-15 12:26:06.024212,BCN-CT-001,71.19,6,12
2026-02-15 13:26:06.024212,BCN-CT-001,72.62,6,13
2026-02-15 14:26:06.024212,BCN-CT-001,74.91,6,14
2026-02-15 15:26:06.024212,BCN-CT-001,77.54,6,15
2026-02-15 16:26:06.024212,BCN-CT-001,78.97,6,16
2026-02-15 17:26:06.024212,BCN-CT-001,81.65,6,17
2026-02-15 18:26:06.024212,BCN-CT-001,83.08,6,18
2026-02-15 19:26:06.024212,BCN-CT-001,86.22,6,19
2026-02-15 20:26:06.024212,BCN-CT-001,88.37,6,20
2026-02-15 21:26:06.024212,BCN-CT-001,3.31,6,21
2026-02-15 22:26:06.024212,BCN-CT-001,4.91,6,22
2026-02-15 23:26:06.024212,BCN-CT-001,4.73,6,23
2026-02-16 00:26:06.024212,BCN-CT-001,4.59,0,0
2026-02-16 01:26:06.024212,BCN-CT-001,4.93,0,1
2026-02-16 02:26:06.024212,BCN-CT-001,6.31,0,2
2026-02-16 03:26:06.024212,BCN-CT-001,5.26,0,3
2026-02-16 04:26:06.024212,BCN-CT-001,5.57,0,4
2026-02-16 05:26:06.024212,BCN-CT-001,5.22,0,5
2026-02-16 06:26:06.024212,BCN-CT-001,6.27,0,6
2026-02-16 07:26:06.024212,BCN-CT-001,6.87,0,7
2026-02-16 08:26:06.024212,BCN-CT-001,7.92,0,8
2026-02-16 09:26:06.024212,BCN-CT-001,8.84,0,9
2026-02-16 10:26:06.024212,BCN-CT-001,9.93,0,10
2026-02-16 11:26:06.024212,BCN-CT-001,12.12,0,11
2026-02-16 12:26:06.024212,BCN-CT-001,12.95,0,12
2026-02-16 13:26:06.024212,BCN-CT-001,14.08,0,13
2026-02-16 14:26:06.024212,BCN-CT-001,14.96,0,14
2026-02-16 15:26:06.024212,BCN-CT-001,15.09,0,15
2026-02-16 16:26:06.024212,BCN-CT-001,18.35,0,16
2026-02-16 17:26:06.024212,BCN-CT-001,17.17,0,17
2026-02-16 18:26:06.024212,BCN-CT-001,19.13,0,18
2026-02-16 19:26:06.024212,BCN-CT-001,19.91,0,19
2026-02-16 20:26:06.024212,BCN-CT-001,20.19,0,20
2026-02-16 21:26:06.024212,BCN-CT-001,21.56,0,21
2026-02-16 22:26:06.024212,BCN-CT-001,23.13,0,22
2026-02-16 23:26:06.024212,BCN-CT-001,23.62,0,23
2026-02-17 00:26:06.024212,BCN-CT-001,23.88,1,0
2026-02-17 01:26:06.024212,BCN-CT-001,24.11,1,1
2026-02-17 02:26:06.024212,BCN-CT-001,24.46,1,2
2026-02-17 03:26:06.024212,BCN-CT-001,24.19,1,3
2026-02-17 04:26:06.024212,BCN-CT-001,25.64,1,4
2026-02-17 05:26:06.024212,BCN-CT-001,24.4,1,5
2026-02-17 06:26:06.024212,BCN-CT-001,3.38,1,6
2026-02-17 07:26:06.024212,BCN-CT-001,3.51,1,7
2026-02-17 08:26:06.024212,BCN-CT-001,5.33,1,8
2026-02-17 09:26:06.024212,BCN-CT-001,6.4,1,9
2026-02-17 10:26:06.024212,BCN-CT-001,7.54,1,10
2026-02-17 11:26:06.024212,BCN-CT-001,8.01,1,11
2026-02-17 12:26:06.024212,BCN-CT-001,9.62,1,12
2026-02-17 13:26:06.024212,BCN-CT-001,9.74,1,13
2026-02-17 14:26:06.024212,BCN-CT-001,12.88,1,14
2026-02-17 15:26:06.024212,BCN-CT-001,14.05,1,15
2026-02-17 16:26:06.024212,BCN-CT-001,14.92,1,16
2026-02-17 17:26:06.024212,BCN-CT-001,16.42,1,17
2026-02-17 18:26:06.024212,BCN-CT-001,17.12,1,18
2026-02-17 19:26:06.024212,BCN-CT-001,19.21,1,19
2026-02-17 20:26:06.024212,BCN-CT-001,20.58,1,20
2026-02-17 21:26:06.024212,BCN-CT-001,21.64,1,21
2026-02-17 22:26:06.024212,BCN-CT-001,22.94,1,22
2026-02-17 23:26:06.024212,BCN-CT-001,23.3,1,23
2026-02-18 00:26:06.024212,BCN-CT-001,22.64,2,0
2026-02-18 01:26:06.024212,BCN-CT-001,23.59,2,1
2026-02-18 02:26:06.024212,BCN-CT-001,24.03,2,2
2026-02-18 03:26:06.024212,BCN-CT-001,23.23,2,3
2026-02-18 04:26:06.024212,BCN-CT-001,23.98,2,4
2026-02-18 05:26:06.024212,BCN-CT-001,24.25,2,5
2026-02-18 06:26:06.024212,BCN-CT-001,24.23,2,6
2026-02-18 07:26:06.024212,BCN-CT-001,23.69,2,7
2026-02-18 08:26:06.024212,BCN-CT-001,26.01,2,8
2026-02-18 09:26:06.024212,BCN-CT-001,28.27,2,9
2026-02-18 10:26:06.024212,BCN-CT-001,28.95,2,10
2026-02-18 11:26:06.024212,BCN-CT-001,30.23,2,11
2026-02-18 12:26:06.024212,BCN-CT-001,30.81,2,12
2026-02-18 13:26:06.024212,BCN-CT-001,31.34,2,13
2026-02-18 14:26:06.024212,BCN-CT-001,31.41,2,14
2026-02-18 15:26:06.024212,BCN-CT-001,32.4,2,15
2026-02-18 16:26:06.024212,BCN-CT-001,34.72,2,16
2026-02-18 17:26:06.024212,BCN-CT-001,36.19,2,17
2026-02-18 18:26:06.024212,BCN-CT-001,37.48,2,18
2026-02-18 19:26:06.024212,BCN-CT-001,38.55,2,19
2026-02-18 20:26:06.024212,BCN-CT-001,41.45,2,20
2026-02-18 21:26:06.024212,BCN-CT-001,42.36,2,21
2026-02-18 22:26:06.024212,BCN-CT-001,44.14,2,22
2026-02-18 23:26:06.024212,BCN-CT-001,43.88,2,23
2026-02-19 00:26:06.024212,BCN-CT-001,43.03,3,0
2026-02-19 01:26:06.024212,BCN-CT-001,43.58,3,1
2026-02-19 02:26:06.024212,BCN-CT-001,44.44,3,2
2026-02-19 03:26:06.024212,BCN-CT-001,44.71,3,3
2026-02-19 04:26:06.024212,BCN-CT-001,43.69,3,4
2026-02-19 05:26:06.024212,BCN-CT-001,45.88,3,5
2026-02-19 06:26:06.024212,BCN-CT-001,44.8,3,6
2026-02-19 07:26:06.024212,BCN-CT-001,44.69,3,7
2026-02-19 08:26:06.024212,BCN-CT-001,46.47,3,8
2026-02-19 09:26:06.024212,BCN-CT-001,48.21,3,9
2026-02-19 10:26:06.024212,BCN-CT-001,47.7,3,10
2026-02-19 11:26:06.024212,BCN-CT-001,49.05,3,11
2026-02-19 12:26:06.024212,BCN-CT-001,50.27,3,12
2026-02-19 13:26:06.024212,BCN-CT-001,50.09,3,13
2026-02-19 14:26:06.024212,BCN-CT-001,51.21,3,14
2026-02-19 15:26:06.024212,BCN-CT-001,53.21,3,15
2026-02-19 16:26:06.024212,BCN-CT-001,54.64,3,16
2026-02-19 17:26:06.024212,BCN-CT-001,56.27,3,17
2026-02-19 18:26:06.024212,BCN-CT-001,56.6,3,18
2026-02-19 19:26:06.024212,BCN-CT-001,57.45,3,19
2026-02-19 20:26:06.024212,BCN-CT-001,58.72,3,20
2026-02-19 21:26:06.024212,BCN-CT-001,60.41,3,21
2026-02-19 22:26:06.024212,BCN-CT-001,62.29,3,22
2026-02-19 23:26:06.024212,BCN-CT-001,61.46,3,23
2026-02-20 00:26:06.024212,BCN-CT-001,61.7,4,0
2026-02-20 01:26:06.024212,BCN-CT-001,62.88,4,1
2026-02-20 02:26:06.024212,BCN-CT-001,63.91,4,2
2026-02-20 03:26:06.024212,BCN-CT-001,62.59,4,3
2026-02-20 04:26:06.024212,BCN-CT-001,64.94,4,4
2026-02-20 05:26:06.024212,BCN-CT-001,63.8,4,5
2026-02-20 06:26:06.024212,BCN-CT-001,1.64,4,6
2026-02-20 07:26:06.024212,BCN-CT-001,1.86,4,7
2026-02-20 08:26:06.024212,BCN-CT-001,4.05,4,8
2026-02-20 09:26:06.024212,BCN-CT-001,6.82,4,9
2026-02-20 10:26:06.024212,BCN-CT-001,5.62,4,10
2026-02-20 11:26:06.024212,BCN-CT-001,7.66,4,11
2026-02-20 12:26:06.024212,BCN-CT-001,10.06,4,12
2026-02-20 13:26:06.024212,BCN-CT-001,11.63,4,13
2026-02-20 14:26:06.024212,BCN-CT-001,13.02,4,14
2026-02-20 15:26:06.024212,BCN-CT-001,14.47,4,15
2026-02-20 16:26:06.024212,BCN-CT-001,16.64,4,16
2026-02-20 17:26:06.024212,BCN-CT-001,17.51,4,17
2026-02-20 18:26:06.024212,BCN-CT-001,18.7,4,18
2026-02-20 19:26:06.024212,BCN-CT-001,19.85,4,19
2026-02-20 20:26:06.024212,BCN-CT-001,21.66,4,20
2026-02-20 21:26:06.024212,BCN-CT-001,23.86,4,21
2026-02-20 22:26:06.024212,BCN-CT-001,25.67,4,22
2026-02-20 23:26:06.024212,BCN-CT-001,26.54,4,23
2026-02-21 00:26:06.024212,BCN-CT-001,25.39,5,0
2026-02-21 01:26:06.024212,BCN-CT-001,26.46,5,1
2026-02-21 02:26:06.024212,BCN-CT-001,26.05,5,2
2026-02-21 03:26:06.024212,BCN-CT-001,27.15,5,3
2026-02-21 04:26:06.024212,BCN-CT-001,27.3,5,4
2026-02-21 05:26:06.024212,BCN-CT-001,27.49,5,5
2026-02-21 06:26:06.024212,BCN-CT-001,28.1,5,6
2026-02-21 07:26:06.024212,BCN-CT-001,28.23,5,7
2026-02-21 08:26:06.024212,BCN-CT-001,31.11,5,8
2026-02-21 09:26:06.024212,BCN-CT-001,32.11,5,9
2026-02-21 10:26:06.024212,BCN-CT-001,33.0,5,10
2026-02-21 11:26:06.024212,BCN-CT-001,35.53,5,11
2026-02-21 12:26:06.024212,BCN-CT-001,36.66,5,12
2026-02-21 13:26:06.024212,BCN-CT-001,38.75,5,13
2026-02-21 14:26:06.024212,BCN-CT-001,40.53,5,14
2026-02-21 15:26:06.024212,BCN-CT-001,41.95,5,15
2026-02-21 16:26:06.024212,BCN-CT-001,43.83,5,16
2026-02-21 17:26:06.024212,BCN-CT-001,45.15,5,17
2026-02-21 18:26:06.024212,BCN-CT-001,47.35,5,18
2026-02-21 19:26:06.024212,BCN-CT-001,50.55,5,19
2026-02-21 20:26:06.024212,BCN-CT-001,51.91,5,20
2026-02-21 21:26:06.024212,BCN-CT-001,54.56,5,21
2026-02-21 22:26:06.024212,BCN-CT-001,55.09,5,22
2026-02-21 23:26:06.024212,BCN-CT-001,56.04,5,23
2026-02-22 00:26:06.024212,BCN-CT-001,56.7,6,0
2026-02-22 01:26:06.024212,BCN-CT-001,55.77,6,1
2026-02-22 02:26:06.024212,BCN-CT-001,57.53,6,2
2026-02-22 03:26:06.024212,BCN-CT-001,57.92,6,3
2026-02-22 04:26:06.024212,BCN-CT-001,57.05,6,4
2026-02-22 05:26:06.024212,BCN-CT-001,58.25,6,5
2026-02-22 06:26:06.024212,BCN-CT-001,58.89,6,6
2026-02-22 07:26:06.024212,BCN-CT-001,58.85,6,7
2026-02-22 08:26:06.024212,BCN-CT-001,60.74,6,8
2026-02-22 09:26:06.024212,BCN-CT-001,63.56,6,9
2026-02-22 10:26:06.024212,BCN-CT-001,65.77,6,10
2026-02-22 11:26:06.024212,BCN-CT-001,66.87,6,11
2026-02-22 12:26:06.024212,BCN-CT-001,68.4,6,12
2026-02-22 13:26:06.024212,BCN-CT-001,71.28,6,13
2026-02-22 14:26:06.024212,BCN-CT-001,72.43,6,14
2026-02-22 15:26:06.024212,BCN-CT-001,75.19,6,15
2026-02-22 16:26:06.024212,BCN-CT-001,76.49,6,16
2026-02-22 17:26:06.024212,BCN-CT-001,78.76,6,17
2026-02-22 18:26:06.024212,BCN-CT-001,79.91,6,18
2026-02-22 19:26:06.024212,BCN-CT-001,81.14,6,19
2026-02-22 20:26:06.024212,BCN-CT-001,82.56,6,20
2026-02-22 21:26:06.024212,BCN-CT-001,85.07,6,21
2026-02-22 22:26:06.024212,BCN-CT-001,87.88,6,22
2026-02-22 23:26:06.024212,BCN-CT-001,88.32,6,23
2026-02-23 00:26:06.024212,BCN-CT-001,89.47,0,0
2026-02-23 01:26:06.024212,BCN-CT-001,88.58,0,1
2026-02-23 02:26:06.024212,BCN-CT-001,88.6,0,2
2026-02-23 03:26:06.024212,BCN-CT-001,89.41,0,3
2026-02-23 04:26:06.024212,BCN-CT-001,89.67,0,4
2026-02-23 05:26:06.024212,BCN-CT-001,89.28,0,5
2026-02-23 06:26:06.024212,BCN-CT-001,89.52,0,6
2026-02-23 07:26:06.024212,BCN-CT-001,89.15,0,7
2026-02-23 08:26:06.024212,BCN-CT-001,1.46,0,8
2026-02-23 09:26:06.024212,BCN-CT-001,2.25,0,9
2026-02-23 10:26:06.024212,BCN-CT-001,4.16,0,10
2026-02-23 11:26:06.024212,BCN-CT-001,5.03,0,11
2026-02-23 12:26:06.024212,BCN-CT-001,4.46,0,12
2026-02-23 13:26:06.024212,BCN-CT-001,6.45,0,13
2026-02-23 14:26:06.024212,BCN-CT-001,8.18,0,14
2026-02-23 15:26:06.024212,BCN-CT-001,11.12,0,15
2026-02-23 16:26:06.024212,BCN-CT-001,9.96,0,16
2026-02-23 17:26:06.024212,BCN-CT-001,11.64,0,17
2026-02-23 18:26:06.024212,BCN-CT-001,13.59,0,18
2026-02-23 19:26:06.024212,BCN-CT-001,15.53,0,19
2026-02-23 20:26:06.024212,BCN-CT-001,15.76,0,20
2026-02-23 21:26:06.024212,BCN-CT-001,17.66,0,21
2026-02-23 22:26:06.024212,BCN-CT-001,19.29,0,22
2026-02-23 23:26:06.024212,BCN-CT-001,19.47,0,23
2026-02-24 00:26:06.024212,BCN-CT-001,20.15,1,0
2026-02-24 01:26:06.024212,BCN-CT-001,20.16,1,1
2026-02-24 02:26:06.024212,BCN-CT-001,18.91,1,2
2026-02-24 03:26:06.024212,BCN-CT-001,20.83,1,3
2026-02-24 04:26:06.024212,BCN-CT-001,19.89,1,4
2026-02-24 05:26:06.024212,BCN-CT-001,20.52,1,5
2026-02-24 06:26:06.024212,BCN-CT-001,2.26,1,6
2026-02-24 07:26:06.024212,BCN-CT-001,2.81,1,7
2026-02-24 08:26:06.024212,BCN-CT-001,4.18,1,8
2026-02-24 09:26:06.024212,BCN-CT-001,4.99,1,9
2026-02-24 10:26:06.024212,BCN-CT-001,6.6,1,10
2026-02-24 11:26:06.024212,BCN-CT-001,7.1,1,11
2026-02-24 12:26:06.024212,BCN-CT-001,8.87,1,12
2026-02-24 13:26:06.024212,BCN-CT-001,11.13,1,13
2026-02-24 14:26:06.024212,BCN-CT-001,11.66,1,14
2026-02-24 15:26:06.024212,BCN-CT-001,14.01,1,15
2026-02-24 16:26:06.024212,BCN-CT-001,14.87,1,16
2026-02-24 17:26:06.024212,BCN-CT-001,15.91,1,17
2026-02-24 18:26:06.024212,BCN-CT-001,17.36,1,18
2026-02-24 19:26:06.024212,BCN-CT-001,18.01,1,19
2026-02-24 20:26:06.024212,BCN-CT-001,19.76,1,20
2026-02-24 21:26:06.024212,BCN-CT-001,19.79,1,21
2026-02-24 22:26:06.024212,BCN-CT-001,20.68,1,22
2026-02-24 23:26:06.024212,BCN-CT-001,21.0,1,23
2026-02-25 00:26:06.024212,BCN-CT-001,21.64,2,0
2026-02-25 01:26:06.024212,BCN-CT-001,20.97,2,1
2026-02-25 02:26:06.024212,BCN-CT-001,20.61,2,2
2026-02-25 03:26:06.024212,BCN-CT-001,21.2,2,3
2026-02-25 04:26:06.024212,BCN-CT-001,22.01,2,4
2026-02-25 05:26:06.024212,BCN-CT-001,22.39,2,5
2026-02-25 06:26:06.024212,BCN-CT-001,22.24,2,6
2026-02-25 07:26:06.024212,BCN-CT-001,21.87,2,7
2026-02-25 08:26:06.024212,BCN-CT-001,23.29,2,8
2026-02-25 09:26:06.024212,BCN-CT-001,23.94,2,9
2026-02-25 10:26:06.024212,BCN-CT-001,24.63,2,10
2026-02-25 11:26:06.024212,BCN-CT-001,26.71,2,11
2026-02-25 12:26:06.024212,BCN-CT-001,27.08,2,12
2026-02-25 13:26:06.024212,BCN-CT-001,28.14,2,13
2026-02-25 14:26:06.024212,BCN-CT-001,30.49,2,14
2026-02-25 15:26:06.024212,BCN-CT-001,32.3,2,15
2026-02-25 16:26:06.024212,BCN-CT-001,33.07,2,16
2026-02-25 17:26:06.024212,BCN-CT-001,35.2,2,17
2026-02-25 18:26:06.024212,BCN-CT-001,35.94,2,18
2026-02-25 19:26:06.024212,BCN-CT-001,36.58,2,19
2026-02-25 20:26:06.024212,BCN-CT-001,37.14,2,20
2026-02-25 21:26:06.024212,BCN-CT-001,38.78,2,21
2026-02-25 22:26:06.024212,BCN-CT-001,39.49,2,22
2026-02-25 23:26:06.024212,BCN-CT-001,39.37,2,23
2026-02-26 00:26:06.024212,BCN-CT-001,39.24,3,0
2026-02-26 01:26:06.024212,BCN-CT-001,40.2,3,1
2026-02-26 02:26:06.024212,BCN-CT-001,40.08,3,2
2026-02-26 03:26:06.024212,BCN-CT-001,40.13,3,3
2026-02-26 04:26:06.024212,BCN-CT-001,40.29,3,4
2026-02-26 05:26:06.024212,BCN-CT-001,40.87,3,5
2026-02-26 06:26:06.024212,BCN-CT-001,40.42,3,6
2026-02-26 07:26:06.024212,BCN-CT-001,41.94,3,7
2026-02-26 08:26:06.024212,BCN-CT-001,42.69,3,8
2026-02-26 09:26:06.024212,BCN-CT-001,44.1,3,9
2026-02-26 10:26:06.024212,BCN-CT-001,45.08,3,10
2026-02-26 11:26:06.024212,BCN-CT-001,45.72,3,11
2026-02-26 12:26:06.024212,BCN-CT-001,47.59,3,12
2026-02-26 13:26:06.024212,BCN-CT-001,47.85,3,13
2026-02-26 14:26:06.024212,BCN-CT-001,50.55,3,14
2026-02-26 15:26:06.024212,BCN-CT-001,51.59,3,15
2026-02-26 16:26:06.024212,BCN-CT-001,52.82,3,16
2026-02-26 17:26:06.024212,BCN-CT-001,53.28,3,17
2026-02-26 18:26:06.024212,BCN-CT-001,55.74,3,18
2026-02-26 19:26:06.024212,BCN-CT-001,55.92,3,19
2026-02-26 20:26:06.024212,BCN-CT-001,58.05,3,20
2026-02-26 21:26:06.024212,BCN-CT-001,58.77,3,21
2026-02-26 22:26:06.024212,BCN-CT-001,59.88,3,22
2026-02-26 23:26:06.024212,BCN-CT-001,60.39,3,23
2026-02-27 00:26:06.024212,BCN-CT-001,60.48,4,0
2026-02-27 01:26:06.024212,BCN-CT-001,60.84,4,1
2026-02-27 02:26:06.024212,BCN-CT-001,60.97,4,2
2026-02-27 03:26:06.024212,BCN-CT-001,62.3,4,3
2026-02-27 04:26:06.024212,BCN-CT-001,61.88,4,4
2026-02-27 05:26:06.024212,BCN-CT-001,62.33,4,5
2026-02-27 06:26:06.024212,BCN-CT-001,3.88,4,6
2026-02-27 07:26:06.024212,BCN-CT-001,4.83,4,7
2026-02-27 08:26:06.024212,BCN-CT-001,4.71,4,8
2026-02-27 09:26:06.024212,BCN-CT-001,7.73,4,9
2026-02-27 10:26:06.024212,BCN-CT-001,10.04,4,10
2026-02-27 11:26:06.024212,BCN-CT-001,12.86,4,11
2026-02-27 12:26:06.024212,BCN-CT-001,15.72,4,12
2026-02-27 13:26:06.024212,BCN-CT-001,16.21,4,13
2026-02-27 14:26:06.024212,BCN-CT-001,20.06,4,14
2026-02-27 15:26:06.024212,BCN-CT-001,21.22,4,15
2026-02-27 16:26:06.024212,BCN-CT-001,23.85,4,16
2026-02-27 17:26:06.024212,BCN-CT-001,24.19,4,17
2026-02-27 18:26:06.024212,BCN-CT-001,26.92,4,18
2026-02-27 19:26:06.024212,BCN-CT-001,26.34,4,19
2026-02-27 20:26:06.024212,BCN-CT-001,28.91,4,20
2026-02-27 21:26:06.024212,BCN-CT-001,30.11,4,21
2026-02-27 22:26:06.024212,BCN-CT-001,31.77,4,22
2026-02-27 23:26:06.024212,BCN-CT-001,31.37,4,23
2026-02-28 00:26:06.024212,BCN-CT-001,31.64,5,0
2026-02-28 01:26:06.024212,BCN-CT-001,31.18,5,1
2026-02-28 02:26:06.024212,BCN-CT-001,31.74,5,2
2026-02-28 03:26:06.024212,BCN-CT-001,32.38,5,3
2026-02-28 04:26:06.024212,BCN-CT-001,32.36,5,4
2026-02-28 05:26:06.024212,BCN-CT-001,31.82,5,5
2026-02-28 06:26:06.024212,BCN-CT-001,32.27,5,6
2026-02-28 07:26:06.024212,BCN-CT-001,32.37,5,7
2026-02-28 08:26:06.024212,BCN-CT-001,35.05,5,8
2026-02-28 09:26:06.024212,BCN-CT-001,38.4,5,9
2026-02-28 10:26:06.024212,BCN-CT-001,42.66,5,10
2026-02-28 11:26:06.024212,BCN-CT-001,43.46,5,11
2026-02-28 12:26:06.024212,BCN-CT-001,42.81,5,12
2026-02-28 13:26:06.024212,BCN-CT-001,44.28,5,13
2026-02-28 14:26:06.024212,BCN-CT-001,46.68,5,14
2026-02-28 15:26:06.024212,BCN-CT-001,48.17,5,15
2026-02-28 16:26:06.024212,BCN-CT-001,51.09,5,16
2026-02-28 17:26:06.024212,BCN-CT-001,52.59,5,17
2026-02-28 18:26:06.024212,BCN-CT-001,54.97,5,18
2026-02-28 19:26:06.024212,BCN-CT-001,56.1,5,19
2026-02-28 20:26:06.024212,BCN-CT-001,58.53,5,20
2026-02-28 21:26:06.024212,BCN-CT-001,61.13,5,21
2026-02-28 22:26:06.024212,BCN-CT-001,62.77,5,22
2026-02-28 23:26:06.024212,BCN-CT-001,63.48,5,23
2026-03-01 00:26:06.024212,BCN-CT-001,63.54,6,0
2026-03-01 01:26:06.024212,BCN-CT-001,63.92,6,1
2026-03-01 02:26:06.024212,BCN-CT-001,64.73,6,2
2026-03-01 03:26:06.024212,BCN-CT-001,63.54,6,3
2026-03-01 04:26:06.024212,BCN-CT-001,64.93,6,4
2026-03-01 05:26:06.024212,BCN-CT-001,65.42,6,5
2026-03-01 06:26:06.024212,BCN-CT-001,65.83,6,6
2026-03-01 07:26:06.024212,BCN-CT-001,66.42,6,7
2026-03-01 08:26:06.024212,BCN-CT-001,68.36,6,8
2026-03-01 09:26:06.024212,BCN-CT-001,70.78,6,9
2026-03-01 10:26:06.024212,BCN-CT-001,73.08,6,10
2026-03-01 11:26:06.024212,BCN-CT-001,76.25,6,11
2026-03-01 12:26:06.024212,BCN-CT-001,77.3,6,12
2026-03-01 13:26:06.024212,BCN-CT-001,79.79,6,13
2026-03-01 14:26:06.024212,BCN-CT-001,82.81,6,14
2026-03-01 15:26:06.024212,BCN-CT-001,83.85,6,15
2026-03-01 16:26:06.024212,BCN-CT-001,84.4,6,16
2026-03-01 17:26:06.024212,BCN-CT-001,85.99,6,17
2026-03-01 18:26:06.024212,BCN-CT-001,86.57,6,18
2026-03-01 19:26:06.024212,BCN-CT-001,88.35,6,19
2026-03-01 20:26:06.024212,BCN-CT-001,4.19,6,20
2026-03-01 21:26:06.024212,BCN-CT-001,5.22,6,21
2026-03-01 22:26:06.024212,BCN-CT-001,6.97,6,22
2026-03-01 23:26:06.024212,BCN-CT-001,7.55,6,23
2026-03-02 00:26:06.024212,BCN-CT-001,7.45,0,0
2026-03-02 01:26:06.024212,BCN-CT-001,8.5,0,1
2026-03-02 02:26:06.024212,BCN-CT-001,8.56,0,2
2026-03-02 03:26:06.024212,BCN-CT-001,7.96,0,3
2026-03-02 04:26:06.024212,BCN-CT-001,8.54,0,4
2026-03-02 05:26:06.024212,BCN-CT-001,8.63,0,5
2026-03-02 06:26:06.024212,BCN-CT-001,8.69,0,6
2026-03-02 07:26:06.024212,BCN-CT-001,8.48,0,7
2026-03-02 08:26:06.024212,BCN-CT-001,11.15,0,8
2026-03-02 09:26:06.024212,BCN-CT-001,11.73,0,9
2026-03-02 10:26:06.024212,BCN-CT-001,12.4,0,10
2026-03-02 11:26:06.024212,BCN-CT-001,13.84,0,11
2026-03-02 12:26:06.024212,BCN-CT-001,16.11,0,12
2026-03-02 13:26:06.024212,BCN-CT-001,17.46,0,13
2026-03-02 14:26:06.024212,BCN-CT-001,18.35,0,14
2026-03-02 15:26:06.024212,BCN-CT-001,20.1,0,15
2026-03-02 16:26:06.024212,BCN-CT-001,21.71,0,16
2026-03-02 17:26:06.024212,BCN-CT-001,22.37,0,17
2026-03-02 18:26:06.024212,BCN-CT-001,24.71,0,18
2026-03-02 19:26:06.024212,BCN-CT-001,25.88,0,19
2026-03-02 20:26:06.024212,BCN-CT-001,27.75,0,20
2026-03-02 21:26:06.024212,BCN-CT-001,27.66,0,21
2026-03-02 22:26:06.024212,BCN-CT-001,28.98,0,22
2026-03-02 23:26:06.024212,BCN-CT-001,29.04,0,23
2026-03-03 00:26:06.024212,BCN-CT-001,29.89,1,0
2026-03-03 01:26:06.024212,BCN-CT-001,29.05,1,1
2026-03-03 02:26:06.024212,BCN-CT-001,29.23,1,2
2026-03-03 03:26:06.024212,BCN-CT-001,30.35,1,3
2026-03-03 04:26:06.024212,BCN-CT-001,29.26,1,4
2026-03-03 05:26:06.024212,BCN-CT-001,29.53,1,5
2026-03-03 06:26:06.024212,BCN-CT-001,2.29,1,6
2026-03-03 07:26:06.024212,BCN-CT-001,3.6,1,7
2026-03-03 08:26:06.024212,BCN-CT-001,4.09,1,8
2026-03-03 09:26:06.024212,BCN-CT-001,5.73,1,9
2026-03-03 10:26:06.024212,BCN-CT-001,8.31,1,10
2026-03-03 11:26:06.024212,BCN-CT-001,8.5,1,11
2026-03-03 12:26:06.024212,BCN-CT-001,9.55,1,12
2026-03-03 13:26:06.024212,BCN-CT-001,11.02,1,13
2026-03-03 14:26:06.024212,BCN-CT-001,11.95,1,14
2026-03-03 15:26:06.024212,BCN-CT-001,12.24,1,15
2026-03-03 16:26:06.024212,BCN-CT-001,13.83,1,16
2026-03-03 17:26:06.024212,BCN-CT-001,15.44,1,17
2026-03-03 18:26:06.024212,BCN-CT-001,16.79,1,18
2026-03-03 19:26:06.024212,BCN-CT-001,16.98,1,19
2026-03-03 20:26:06.024212,BCN-CT-001,18.31,1,20
2026-03-03 21:26:06.024212,BCN-CT-001,19.35,1,21
2026-03-03 22:26:06.024212,BCN-CT-001,20.8,1,22
2026-03-03 23:26:06.024212,BCN-CT-001,19.68,1,23
2026-03-04 00:26:06.024212,BCN-CT-001,20.78,2,0
2026-03-04 01:26:06.024212,BCN-CT-001,21.03,2,1
2026-03-04 02:26:06.024212,BCN-CT-001,21.21,2,2
2026-03-04 03:26:06.024212,BCN-CT-001,21.09,2,3
2026-03-04 04:26:06.024212,BCN-CT-001,21.16,2,4
2026-03-04 05:26:06.024212,BCN-CT-001,21.27,2,5
2026-03-04 06:26:06.024212,BCN-CT-001,21.64,2,6
2026-03-04 07:26:06.024212,BCN-CT-001,22.41,2,7
2026-03-04 08:26:06.024212,BCN-CT-001,22.45,2,8
2026-03-04 09:26:06.024212,BCN-CT-001,24.0,2,9
2026-03-04 10:26:06.024212,BCN-CT-001,24.36,2,10
2026-03-04 11:26:06.024212,BCN-CT-001,25.49,2,11
2026-03-04 12:26:06.024212,BCN-CT-001,27.33,2,12
2026-03-04 13:26:06.024212,BCN-CT-001,29.41,2,13
2026-03-04 14:26:06.024212,BCN-CT-001,30.9,2,14
2026-03-04 15:26:06.024212,BCN-CT-001,32.78,2,15
2026-03-04 16:26:06.024212,BCN-CT-001,32.79,2,16
2026-03-04 17:26:06.024212,BCN-CT-001,34.2,2,17
2026-03-04 18:26:06.024212,BCN-CT-001,35.31,2,18
2026-03-04 19:26:06.024212,BCN-CT-001,35.75,2,19
2026-03-04 20:26:06.024212,BCN-CT-001,36.79,2,20
2026-03-04 21:26:06.024212,BCN-CT-001,37.26,2,21
2026-03-04 22:26:06.024212,BCN-CT-001,39.93,2,22
2026-03-04 23:26:06.024212,BCN-CT-001,39.78,2,23
2026-03-05 00:26:06.024212,BCN-CT-001,39.79,3,0
2026-03-05 01:26:06.024212,BCN-CT-001,39.4,3,1
2026-03-05 02:26:06.024212,BCN-CT-001,40.29,3,2
2026-03-05 03:26:06.024212,BCN-CT-001,40.8,3,3
2026-03-05 04:26:06.024212,BCN-CT-001,41.11,3,4
2026-03-05 05:26:06.024212,BCN-CT-001,40.69,3,5
2026-03-05 06:26:06.024212,BCN-CT-001,41.08,3,6
2026-03-05 07:26:06.024212,BCN-CT-001,42.32,3,7
2026-03-05 08:26:06.024212,BCN-CT-001,42.21,3,8
2026-03-05 09:26:06.024212,BCN-CT-001,43.2,3,9
2026-03-05 10:26:06.024212,BCN-CT-001,44.06,3,10
2026-03-05 11:26:06.024212,BCN-CT-001,45.59,3,11
2026-03-05 12:26:06.024212,BCN-CT-001,47.17,3,12
2026-03-05 13:26:06.024212,BCN-CT-001,48.24,3,13
2026-03-05 14:26:06.024212,BCN-CT-001,49.95,3,14
2026-03-05 15:26:06.024212,BCN-CT-001,50.1,3,15
2026-03-05 16:26:06.024212,BCN-CT-001,52.72,3,16
2026-03-05 17:26:06.024212,BCN-CT-001,52.25,3,17
2026-03-05 18:26:06.024212,BCN-CT-001,55.23,3,18
2026-03-05 19:26:06.024212,BCN-CT-001,54.54,3,19
2026-03-05 20:26:06.024212,BCN-CT-001,57.08,3,20
2026-03-05 21:26:06.024212,BCN-CT-001,58.24,3,21
2026-03-05 22:26:06.024212,BCN-CT-001,59.17,3,22
2026-03-05 23:26:06.024212,BCN-CT-001,60.12,3,23
2026-03-06 00:26:06.024212,BCN-CT-001,60.51,4,0
2026-03-06 01:26:06.024212,BCN-CT-001,60.64,4,1
2026-03-06 02:26:06.024212,BCN-CT-001,60.58,4,2
2026-03-06 03:26:06.024212,BCN-CT-001,60.35,4,3
2026-03-06 04:26:06.024212,BCN-CT-001,61.92,4,4
2026-03-06 05:26:06.024212,BCN-CT-001,62.27,4,5
2026-03-06 06:26:06.024212,BCN-CT-001,2.95,4,6
2026-03-06 07:26:06.024212,BCN-CT-001,2.5,4,7
2026-03-06 08:26:06.024212,BCN-CT-001,3.69,4,8
2026-03-06 09:26:06.024212,BCN-CT-001,4.21,4,9
2026-03-06 10:26:06.024212,BCN-CT-001,8.19,4,10
2026-03-06 11:26:06.024212,BCN-CT-001,8.03,4,11
2026-03-06 12:26:06.024212,BCN-CT-001,9.84,4,12
2026-03-06 13:26:06.024212,BCN-CT-001,12.37,4,13
2026-03-06 14:26:06.024212,BCN-CT-001,15.25,4,14
2026-03-06 15:26:06.024212,BCN-CT-001,16.26,4,15
2026-03-06 16:26:06.024212,BCN-CT-001,17.74,4,16
2026-03-06 17:26:06.024212,BCN-CT-001,19.81,4,17
2026-03-06 18:26:06.024212,BCN-CT-001,21.88,4,18
2026-03-06 19:26:06.024212,BCN-CT-001,22.67,4,19
2026-03-06 20:26:06.024212,BCN-CT-001,24.41,4,20
2026-03-06 21:26:06.024212,BCN-CT-001,25.61,4,21
2026-03-06 22:26:06.024212,BCN-CT-001,29.79,4,22
2026-03-06 23:26:06.024212,BCN-CT-001,28.59,4,23
2026-03-07 00:26:06.024212,BCN-CT-001,28.81,5,0
2026-03-07 01:26:06.024212,BCN-CT-001,29.66,5,1
2026-03-07 02:26:06.024212,BCN-CT-001,30.63,5,2
2026-03-07 03:26:06.024212,BCN-CT-001,30.61,5,3
2026-03-07 04:26:06.024212,BCN-CT-001,31.94,5,4
2026-03-07 05:26:06.024212,BCN-CT-001,30.59,5,5
2026-03-07 06:26:06.024212,BCN-CT-001,31.41,5,6
2026-03-07 07:26:06.024212,BCN-CT-001,31.67,5,7
2026-03-07 08:26:06.024212,BCN-CT-001,32.54,5,8
2026-03-07 09:26:06.024212,BCN-CT-001,36.21,5,9
2026-03-07 10:26:06.024212,BCN-CT-001,37.12,5,10
2026-03-07 11:26:06.024212,BCN-CT-001,39.46,5,11
2026-03-07 12:26:06.024212,BCN-CT-001,40.34,5,12
2026-03-07 13:26:06.024212,BCN-CT-001,40.55,5,13
2026-03-07 14:26:06.024212,BCN-CT-001,42.89,5,14
2026-03-07 15:26:06.024212,BCN-CT-001,44.76,5,15
2026-03-07 16:26:06.024212,BCN-CT-001,46.42,5,16
2026-03-07 17:26:06.024212,BCN-CT-001,47.55,5,17
2026-03-07 18:26:06.024212,BCN-CT-001,51.73,5,18
2026-03-07 19:26:06.024212,BCN-CT-001,52.53,5,19
2026-03-07 20:26:06.024212,BCN-CT-001,54.87,5,20
2026-03-07 21:26:06.024212,BCN-CT-001,56.4,5,21
2026-03-07 22:26:06.024212,BCN-CT-001,56.52,5,22
2026-03-07 23:26:06.024212,BCN-CT-001,57.7,5,23
2026-03-08 00:26:06.024212,BCN-CT-001,58.52,6,0
2026-03-08 01:26:06.024212,BCN-CT-001,57.91,6,1
2026-03-08 02:26:06.024212,BCN-CT-001,58.36,6,2
2026-03-08 03:26:06.024212,BCN-CT-001,58.05,6,3
2026-03-08 04:26:06.024212,BCN-CT-001,58.36,6,4
2026-03-08 05:26:06.024212,BCN-CT-001,58.72,6,5
2026-03-08 06:26:06.024212,BCN-CT-001,58.86,6,6
2026-03-08 07:26:06.024212,BCN-CT-001,59.35,6,7
2026-03-08 08:26:06.024212,BCN-CT-001,59.7,6,8
2026-03-08 09:26:06.024212,BCN-CT-001,63.25,6,9
2026-03-08 10:26:06.024212,BCN-CT-001,65.02,6,10
2026-03-08 11:26:06.024212,BCN-CT-001,66.47,6,11
2026-03-08 12:26:06.024212,BCN-CT-001,70.65,6,12
2026-03-08 13:26:06.024212,BCN-CT-001,71.12,6,13
2026-03-08 14:26:06.024212,BCN-CT-001,73.43,6,14
2026-03-08 15:26:06.024212,BCN-CT-001,76.38,6,15
2026-03-08 16:26:06.024212,BCN-CT-001,78.24,6,16
2026-03-08 17:26:06.024212,BCN-CT-001,79.41,6,17
2026-03-08 18:26:06.024212,BCN-CT-001,81.53,6,18
2026-03-08 19:26:06.024212,BCN-CT-001,84.23,6,19
2026-03-08 20:26:06.024212,BCN-CT-001,85.19,6,20
2026-03-08 21:26:06.024212,BCN-CT-001,88.22,6,21
2026-03-08 22:26:06.024212,BCN-CT-001,89.61,6,22
2026-03-08 23:26:06.024212,BCN-CT-001,89.86,6,23
2026-03-09 00:26:06.024212,BCN-CT-001,89.71,0,0
2026-03-09 01:26:06.024212,BCN-CT-001,3.18,0,1
2026-03-09 02:26:06.024212,BCN-CT-001,3.68,0,2
2026-03-09 03:26:06.024212,BCN-CT-001,3.67,0,3
2026-03-09 04:26:06.024212,BCN-CT-001,3.66,0,4
2026-03-09 05:26:06.024212,BCN-CT-001,3.62,0,5
2026-03-09 06:26:06.024212,BCN-CT-001,3.93,0,6
2026-03-09 07:26:06.024212,BCN-CT-001,4.06,0,7
2026-03-09 08:26:06.024212,BCN-CT-001,5.06,0,8
2026-03-09 09:26:06.024212,BCN-CT-001,5.45,0,9
2026-03-09 10:26:06.024212,BCN-CT-001,6.54,0,10
2026-03-09 11:26:06.024212,BCN-CT-001,9.04,0,11
2026-03-09 12:26:06.024212,BCN-CT-001,10.55,0,12
2026-03-09 13:26:06.024212,BCN-CT-001,12.02,0,13
2026-03-09 14:26:06.024212,BCN-CT-001,13.55,0,14
2026-03-09 15:26:06.024212,BCN-CT-001,15.07,0,15
2026-03-09 16:26:06.024212,BCN-CT-001,16.08,0,16
2026-03-09 17:26:06.024212,BCN-CT-001,18.4,0,17
2026-03-09 18:26:06.024212,BCN-CT-001,18.95,0,18
2026-03-09 19:26:06.024212,BCN-CT-001,20.38,0,19
2026-03-09 20:26:06.024212,BCN-CT-001,21.57,0,20
2026-03-09 21:26:06.024212,BCN-CT-001,22.22,0,21
2026-03-09 22:26:06.024212,BCN-CT-001,24.32,0,22
2026-03-09 23:26:06.024212,BCN-CT-001,24.43,0,23
2026-03-10 00:26:06.024212,BCN-CT-001,23.92,1,0
2026-03-10 01:26:06.024212,BCN-CT-001,25.6,1,1
2026-03-10 02:26:06.024212,BCN-CT-001,24.95,1,2
2026-03-10 03:26:06.024212,BCN-CT-001,25.63,1,3
2026-03-10 04:26:06.024212,BCN-CT-001,25.05,1,4
2026-03-10 05:26:06.024212,BCN-CT-001,24.12,1,5
2026-03-10 06:26:06.024212,BCN-CT-001,4.09,1,6
2026-03-10 07:26:06.024212,BCN-CT-001,3.85,1,7
2026-03-10 08:26:06.024212,BCN-CT-001,6.02,1,8
2026-03-10 09:26:06.024212,BCN-CT-001,5.72,1,9
2026-03-10 10:26:06.024212,BCN-CT-001,7.0,1,10
2026-03-10 11:26:06.024212,BCN-CT-001,8.99,1,11
2026-03-10 12:26:06.024212,BCN-CT-001,9.79,1,12
2026-03-10 13:26:06.024212,BCN-CT-001,11.78,1,13
2026-03-10 14:26:06.024212,BCN-CT-001,11.77,1,14
2026-03-10 15:26:06.024212,BCN-CT-001,13.82,1,15
2026-03-10 16:26:06.024212,BCN-CT-001,14.68,1,16
2026-03-10 17:26:06.024212,BCN-CT-001,17.57,1,17
2026-03-10 18:26:06.024212,BCN-CT-001,18.41,1,18
2026-03-10 19:26:06.024212,BCN-CT-001,19.25,1,19
2026-03-10 20:26:06.024212,BCN-CT-001,21.06,1,20
2026-03-10 21:26:06.024212,BCN-CT-001,21.19,1,21
2026-03-10 22:26:06.024212,BCN-CT-001,23.82,1,22
2026-03-10 23:26:06.024212,BCN-CT-001,23.37,1,23
2026-03-11 00:26:06.024212,BCN-CT-001,23.22,2,0
2026-03-11 01:26:06.024212,BCN-CT-001,23.43,2,1
2026-03-11 02:26:06.024212,BCN-CT-001,23.58,2,2
2026-03-11 03:26:06.024212,BCN-CT-001,24.73,2,3
2026-03-11 04:26:06.024212,BCN-CT-001,24.91,2,4
2026-03-11 05:26:06.024212,BCN-CT-001,24.14,2,5
2026-03-11 06:26:06.024212,BCN-CT-001,24.66,2,6
2026-03-11 07:26:06.024212,BCN-CT-001,24.24,2,7
2026-03-11 08:26:06.024212,BCN-CT-001,25.2,2,8
2026-03-11 09:26:06.024212,BCN-CT-001,27.1,2,9
2026-03-11 10:26:06.024212,BCN-CT-001,28.21,2,10
2026-03-11 11:26:06.024212,BCN-CT-001,28.64,2,11
2026-03-11 12:26:06.024212,BCN-CT-001,29.53,2,12
2026-03-11 13:26:06.024212,BCN-CT-001,30.48,2,13
2026-03-11 14:26:06.024212,BCN-CT-001,31.0,2,14
2026-03-11 15:26:06.024212,BCN-CT-001,34.33,2,15
2026-03-11 16:26:06.024212,BCN-CT-001,33.9,2,16
2026-03-11 17:26:06.024212,BCN-CT-001,35.6,2,17
2026-03-11 18:26:06.024212,BCN-CT-001,36.48,2,18
2026-03-11 19:26:06.024212,BCN-CT-001,38.58,2,19
2026-03-11 20:26:06.024212,BCN-CT-001,40.05,2,20
2026-03-11 21:26:06.024212,BCN-CT-001,41.17,2,21
2026-03-11 22:26:06.024212,BCN-CT-001,43.01,2,22
2026-03-11 23:26:06.024212,BCN-CT-001,42.71,2,23
2026-03-12 00:26:06.024212,BCN-CT-001,42.84,3,0
2026-03-12 01:26:06.024212,BCN-CT-001,43.89,3,1
2026-03-12 02:26:06.024212,BCN-CT-001,43.18,3,2
2026-03-12 03:26:06.024212,BCN-CT-001,43.63,3,3
2026-03-12 04:26:06.024212,BCN-CT-001,43.63,3,4
2026-03-12 05:26:06.024212,BCN-CT-001,44.23,3,5
2026-03-12 06:26:06.024212,BCN-CT-001,44.71,3,6
2026-03-12 07:26:06.024212,BCN-CT-001,45.01,3,7
2026-03-12 08:26:06.024212,BCN-CT-001,44.35,3,8
2026-03-12 09:26:06.024212,BCN-CT-001,46.16,3,9
2026-03-12 10:26:06.024212,BCN-CT-001,48.72,3,10
2026-03-12 11:26:06.024212,BCN-CT-001,49.93,3,11
2026-03-12 12:26:06.024212,BCN-CT-001,50.63,3,12
2026-03-12 13:26:06.024212,BCN-CT-001,52.83,3,13
2026-03-12 14:26:06.024212,BCN-CT-001,54.21,3,14
2026-03-12 15:26:06.024212,BCN-CT-001,55.87,3,15
2026-03-12 16:26:06.024212,BCN-CT-001,58.22,3,16
2026-03-12 17:26:06.024212,BCN-CT-001,57.47,3,17
2026-03-12 18:26:06.024212,BCN-CT-001,59.01,3,18
2026-03-12 19:26:06.024212,BCN-CT-001,60.47,3,19
2026-03-12 20:26:06.024212,BCN-CT-001,62.16,3,20
2026-03-12 21:26:06.024212,BCN-CT-001,63.32,3,21
2026-03-12 22:26:06.024212,BCN-CT-001,64.24,3,22
2026-03-12 23:26:06.024212,BCN-CT-001,64.62,3,23
2026-03-13 00:26:06.024212,BCN-CT-001,65.2,4,0
2026-03-13 01:26:06.024212,BCN-CT-001,65.0,4,1
